cand_id,cmte_id,cycle,total,count,support_oppose_indicator,candidate_id,committee_id,candidate_name,committee_name
P00006213,C00587022,2020,903.27,1,O,P00006213,C00587022,"DELANEY, JOHN K.",COURAGEOUS CONSERVATIVES PAC
P00006486,C00427575,2020,16.08,1,S,P00006486,C00427575,"YANG, ANDREW MR.",EASTERN WASHINGTON VOTERS
P00006486,C00432260,2020,296.38,2,O,P00006486,C00432260,"YANG, ANDREW MR.",CLUB FOR GROWTH PAC
P00006486,C00712497,2020,211201.04,119,S,P00006486,C00712497,"YANG, ANDREW MR.",HUMANITY FORWARD FUND
P00006486,C00719708,2020,476005.94,44,S,P00006486,C00719708,"YANG, ANDREW MR.",MATH PAC
P00006486,C00721050,2020,1210.86,2,S,P00006486,C00721050,"YANG, ANDREW MR.","ABUNDANCE FOR AMERICA, LLC"
P00006486,C00725994,2020,28000.00,1,S,P00006486,C00725994,"YANG, ANDREW MR.",TFY PAC
P00006486,C00740001,2020,92.99,3,S,P00006486,C00740001,"YANG, ANDREW MR.",HUMANITY FIRST FOR ILLINOIS PAC
P00006486,C90018813,2020,2550.00,1,S,P00006486,C90018813,"YANG, ANDREW MR.","MCLEAN, TED"
P00008623,C00760132,2020,159.08,1,S,P00008623,C00760132,"MCMURRAY, JENNIFER",NYIC POLITICAL ACTION FUND
P00009092,C90018045,2020,169.27,1,S,P00009092,C90018045,"CASTRO, JULIAN",UNITED WE DREAM ACTION
P00009183,C00172361,2020,876.90,2,O,P00009183,C00172361,"GABBARD, TULSI",PENNSYLVANIA PRO-LIFE FEDERATION PAC
P00009183,C00718502,2020,1134.00,2,S,P00009183,C00718502,"GABBARD, TULSI",THE PEOPLE FOR LIBERTY AND JUSTICE FOR ALL
P00009183,C90018862,2020,252.25,1,S,P00009183,C90018862,"GABBARD, TULSI","MISLOVE, ALAN EDWARD"
P00009183,C90018870,2020,79.57,6,S,P00009183,C90018870,"GABBARD, TULSI","KOROLOVA, ALEKSANDRA"
P00009290,C00587022,2020,903.27,1,O,P00009290,C00587022,"GILLIBRAND, KIRSTEN",COURAGEOUS CONSERVATIVES PAC
P00009423,C00323923,2020,1151.95,1,S,P00009423,C00323923,"HARRIS, KAMALA D.",STONEWALL DEMOCRATIC CLUB FED PAC
P00009423,C00406256,2020,32.14,1,S,P00009423,C00406256,"HARRIS, KAMALA D.",DEMOCRATIC CENTRAL COMMITTEE OF MARIN
P00009423,C00427575,2020,16.08,1,S,P00009423,C00427575,"HARRIS, KAMALA D.",EASTERN WASHINGTON VOTERS
P00009423,C00432260,2020,40.90,1,O,P00009423,C00432260,"HARRIS, KAMALA D.",CLUB FOR GROWTH PAC
P00009423,C00433318,2020,121.72,1,S,P00009423,C00433318,"HARRIS, KAMALA D.",PLACER COUNTY DEMOCRATIC CENTRAL COMMITTEE
P00009423,C00587022,2020,903.27,1,O,P00009423,C00587022,"HARRIS, KAMALA D.",COURAGEOUS CONSERVATIVES PAC
P00009423,C00681403,2020,200.15,3,O,P00009423,C00681403,"HARRIS, KAMALA D.",RURAL AND RED POLITICAL ACTION COMMITTEE
P00009423,C00687491,2020,84.00,1,S,P00009423,C00687491,"HARRIS, KAMALA D.",PLANNED PARENTHOOD ADVOCACY PROJECT LOS ANGELES COUNTY ACTION FUND
P00009423,C00728352,2020,1172.06,2,O,P00009423,C00728352,"HARRIS, KAMALA D.",DREAM DEFENDERS FIGHT PAC
P00009423,C00750554,2020,500.00,1,S,P00009423,C00750554,"HARRIS, KAMALA D.",MADAM FOR AMERICA
P00009423,C90018169,2020,33350.80,1,S,P00009423,C90018169,"HARRIS, KAMALA D.",LIVING UNITED FOR CHANGE IN ARIZONA
P00009423,C90018862,2020,12.65,1,S,P00009423,C90018862,"HARRIS, KAMALA D.","MISLOVE, ALAN EDWARD"
P00009621,C00370007,2020,10663.03,2,S,P00009621,C00370007,"WARREN, ELIZABETH",DEMOCRACY FOR AMERICA
P00009621,C00406256,2020,64.27,1,S,P00009621,C00406256,"WARREN, ELIZABETH",DEMOCRATIC CENTRAL COMMITTEE OF MARIN
P00009621,C00427575,2020,29.49,1,S,P00009621,C00427575,"WARREN, ELIZABETH",EASTERN WASHINGTON VOTERS
P00009621,C00429456,2020,458.90,5,S,P00009621,C00429456,"WARREN, ELIZABETH",SANTA BARBARA WOMEN'S POLITICAL COMMITTEE (FED)
P00009621,C00432260,2020,328.68,8,O,P00009621,C00432260,"WARREN, ELIZABETH",CLUB FOR GROWTH PAC
P00009621,C00433318,2020,159.74,1,S,P00009621,C00433318,"WARREN, ELIZABETH",PLACER COUNTY DEMOCRATIC CENTRAL COMMITTEE
P00009621,C00530766,2020,4600.00,4,O,P00009621,C00530766,"WARREN, ELIZABETH",WOMEN SPEAK OUT PAC
P00009621,C00544767,2020,7025.00,2,O,P00009621,C00544767,"WARREN, ELIZABETH",THE COMMITTEE TO DEFEND THE PRESIDENT
P00009621,C00587022,2020,903.27,1,O,P00009621,C00587022,"WARREN, ELIZABETH",COURAGEOUS CONSERVATIVES PAC
P00009621,C00608489,2020,6108.24,1,O,P00009621,C00608489,"WARREN, ELIZABETH",GREAT AMERICA PAC
P00009621,C00678839,2020,37385.27,2,S,P00009621,C00678839,"WARREN, ELIZABETH",INDIVISIBLE ACTION
P00009621,C00685768,2020,29736.65,3,S,P00009621,C00685768,"WARREN, ELIZABETH",OUR FUTURE IS BLACK PAC
P00009621,C00739110,2020,14784334.00,4,S,P00009621,C00739110,"WARREN, ELIZABETH",PERSIST PAC
P00009621,C90011438,2020,131615.16,25,S,P00009621,C90011438,"WARREN, ELIZABETH",NEW FLORIDA MAJORITY
P00009621,C90017492,2020,250.00,1,S,P00009621,C90017492,"WARREN, ELIZABETH",INDIVISIBLE PROJECT INC.
P00009621,C90018045,2020,747.19,14,S,P00009621,C90018045,"WARREN, ELIZABETH",UNITED WE DREAM ACTION
P00009621,C90018862,2020,1027.89,14,S,P00009621,C90018862,"WARREN, ELIZABETH","MISLOVE, ALAN EDWARD"
P00009621,C90018870,2020,32.94,3,S,P00009621,C90018870,"WARREN, ELIZABETH","KOROLOVA, ALEKSANDRA"
P00009621,C90018888,2020,474.06,1,S,P00009621,C90018888,"WARREN, ELIZABETH",BUZZGALAXY CORPORATION
P00009795,C00693028,2020,17667.37,23,S,P00009795,C00693028,"BOOKER, CORY A.",DREAM UNITED
P00009795,C00726208,2020,936743.50,10,S,P00009795,C00726208,"BOOKER, CORY A.",UNITED WE WIN SUPER PAC
P00009795,C00728352,2020,1172.05,2,O,P00009795,C00728352,"BOOKER, CORY A.",DREAM DEFENDERS FIGHT PAC
P00010298,C00406256,2020,32.14,1,S,P00010298,C00406256,"BUTTIGIEG, PETE",DEMOCRATIC CENTRAL COMMITTEE OF MARIN
P00010298,C00418897,2020,3643904.93,20,S,P00010298,C00418897,"BUTTIGIEG, PETE",VOTEVETS
P00010298,C00427575,2020,16.08,1,S,P00010298,C00427575,"BUTTIGIEG, PETE",EASTERN WASHINGTON VOTERS
P00010298,C00432260,2020,831.46,3,O,P00010298,C00432260,"BUTTIGIEG, PETE",CLUB FOR GROWTH PAC
P00010298,C00433318,2020,172.51,1,S,P00010298,C00433318,"BUTTIGIEG, PETE",PLACER COUNTY DEMOCRATIC CENTRAL COMMITTEE
P00010298,C00530766,2020,4600.00,4,O,P00010298,C00530766,"BUTTIGIEG, PETE",WOMEN SPEAK OUT PAC
P00010298,C00662072,2020,24100.00,3,O,P00010298,C00662072,"BUTTIGIEG, PETE",DRAIN THE DC SWAMP PAC
P00010298,C00674697,2020,57.29,1,O,P00010298,C00674697,"BUTTIGIEG, PETE",SUNRISE PAC
P00010298,C00701797,2020,22504.53,3,S,P00010298,C00701797,"BUTTIGIEG, PETE",EQUALITY CALIFORNIA VOTES
P00010298,C00709543,2020,552.55,13,S,P00010298,C00709543,"BUTTIGIEG, PETE",MILLENNIALS FOR PROGRESS
P00010298,C00728352,2020,1172.05,2,O,P00010298,C00728352,"BUTTIGIEG, PETE",DREAM DEFENDERS FIGHT PAC
P00010298,C00734616,2020,137.53,1,S,P00010298,C00734616,"BUTTIGIEG, PETE",RED WHITE AND DEFINITELY BLUE
P00010298,C90018045,2020,101.39,4,O,P00010298,C90018045,"BUTTIGIEG, PETE",UNITED WE DREAM ACTION
P00010298,C90018862,2020,1592.09,10,S,P00010298,C90018862,"BUTTIGIEG, PETE","MISLOVE, ALAN EDWARD"
P00010454,C00697300,2020,1780487.94,18,S,P00010454,C00697300,"INSLEE, JAY R",ACT NOW ON CLIMATE
P00010793,C00406256,2020,16.62,1,S,P00010793,C00406256,"O'ROURKE, ROBERT BETO",DEMOCRATIC CENTRAL COMMITTEE OF MARIN
P00010793,C00432260,2020,8.18,1,O,P00010793,C00432260,"O'ROURKE, ROBERT BETO",CLUB FOR GROWTH PAC
P00010793,C00487470,2020,34616.38,4,O,P00010793,C00487470,"O'ROURKE, ROBERT BETO",CLUB FOR GROWTH ACTION
P00010793,C00692020,2020,9565.82,23,S,P00010793,C00692020,"O'ROURKE, ROBERT BETO",IMPEACH
P00010793,C90015843,2020,195.52,1,O,P00010793,C90015843,"O'ROURKE, ROBERT BETO",TEXAS RIGHT TO LIFE COMMITTEE INC
P00011239,C00172361,2020,876.89,2,O,P00011239,C00172361,"WELD, WILLIAM FLOYD (BILL)",PENNSYLVANIA PRO-LIFE FEDERATION PAC
P00011239,C90019076,2020,83908.00,4,S,P00011239,C90019076,"WELD, WILLIAM FLOYD (BILL)",SHINING CITY UPON A HILL INC.
P00011833,C90018862,2020,176.16,1,S,P00011833,C90018862,"BENNET, MICHAEL F.","MISLOVE, ALAN EDWARD"
P00011999,C00571703,2020,148497.00,6,O,P00011999,C00571703,"BULLOCK, STEVE",SENATE LEADERSHIP FUND
P00011999,C90017898,2020,13922.88,40,S,P00011999,C90017898,"BULLOCK, STEVE",PROTECT OUR WINTERS ACTION FUND
P00012054,C00712539,2020,400000.05,62,S,P00012054,C00712539,"DE BLASIO, BILL",NEW YORK HOTEL TRADES COUNCIL & UNITE HERE LOCAL 6 PAC
P00012054,C90018011,2020,100000.00,48,S,P00012054,C90018011,"DE BLASIO, BILL",HOTEL WORKERS FOR STRONGER COMMUNITIES
P00012054,C90018698,2020,76608.17,15,O,P00012054,C90018698,"DE BLASIO, BILL",POLICE BENEVOLENT ASSOCIATION OF THE CITY OF NEW YORK INC.
P00012211,C00526707,2020,200.00,1,S,P00012211,C00526707,"HAWKINS, HOWIE",GREEN PARTY OF VIRGINIA FEDERAL PAC
P00012716,C90018862,2020,940.88,3,S,P00012716,C90018862,"STEYER, TOM","MISLOVE, ALAN EDWARD"
P00013417,C00729079,2020,400.00,1,S,P00013417,C00729079,"SYKES, MARCUS ERRELLIUS",POPULOUS PARTY FOR MARCUS SYKES
P00013524,C00625079,2020,325.74,2,S,P00013524,C00625079,"JORGENSEN, JO",LIBERTARIAN PARTY OF ARKANSAS
P00013524,C00763425,2020,7440.00,1,S,P00013524,C00763425,"JORGENSEN, JO",LIBERTARIAN PARTY OF MN
P00014407,C00730317,2020,2367169.00,11,S,P00014407,C00730317,"PATRICK, DEVAL",REASON TO BELIEVE PAC
P00014530,C00674697,2020,57.29,1,O,P00014530,C00674697,"BLOOMBERG, MICHAEL R.",SUNRISE PAC
P00014530,C00728352,2020,155.58,4,O,P00014530,C00728352,"BLOOMBERG, MICHAEL R.",DREAM DEFENDERS FIGHT PAC
P00014530,C00728352,2020,61.75,1,S,P00014530,C00728352,"BLOOMBERG, MICHAEL R.",DREAM DEFENDERS FIGHT PAC
P00014530,C90018045,2020,101.39,4,O,P00014530,C90018045,"BLOOMBERG, MICHAEL R.",UNITED WE DREAM ACTION
P00014530,C90018862,2020,248.77,1,S,P00014530,C90018862,"BLOOMBERG, MICHAEL R.","MISLOVE, ALAN EDWARD"
P00014613,C00172361,2020,876.89,2,O,P00014613,C00172361,"DE LA FUENTE, ROQUE III",PENNSYLVANIA PRO-LIFE FEDERATION PAC
P00016741,C00682203,2020,25.00,1,S,P00016741,C00682203,"WEST, KANYE",THE REALLY ONLINE LEFTY LEAGUE
P60007168,C00172361,2020,876.90,2,O,P60007168,C00172361,"SANDERS, BERNARD",PENNSYLVANIA PRO-LIFE FEDERATION PAC
P60007168,C00370007,2020,18255.97,2,S,P60007168,C00370007,"SANDERS, BERNARD",DEMOCRACY FOR AMERICA
P60007168,C00406256,2020,64.28,1,S,P60007168,C00406256,"SANDERS, BERNARD",DEMOCRATIC CENTRAL COMMITTEE OF MARIN
P60007168,C00427575,2020,81.42,3,S,P60007168,C00427575,"SANDERS, BERNARD",EASTERN WASHINGTON VOTERS
P60007168,C00432260,2020,578.05,15,O,P60007168,C00432260,"SANDERS, BERNARD",CLUB FOR GROWTH PAC
P60007168,C00433318,2020,159.74,1,S,P60007168,C00433318,"SANDERS, BERNARD",PLACER COUNTY DEMOCRATIC CENTRAL COMMITTEE
P60007168,C00487470,2020,59190.75,6,O,P60007168,C00487470,"SANDERS, BERNARD",CLUB FOR GROWTH ACTION
P60007168,C00490375,2020,3330.17,2,S,P60007168,C00490375,"SANDERS, BERNARD",NATIONAL NURSES UNITED FOR PATIENT PROTECTION
P60007168,C00520312,2020,2706.30,39,S,P60007168,C00520312,"SANDERS, BERNARD","AMERICAN FEDERATION OF TEACHERS GUILD, LOCAL 1931 SAN DIEGO AND GROSSMONT - CUYAMACA COMMUNITY COLLEGES FEDERAL COMMITTEE ON POLITICAL EDUCATION"
P60007168,C00528554,2020,68895.00,2,O,P60007168,C00528554,"SANDERS, BERNARD",RJC VICTORY FUND
P60007168,C00530766,2020,4600.00,4,O,P60007168,C00530766,"SANDERS, BERNARD",WOMEN SPEAK OUT PAC
P60007168,C00609750,2020,299.20,16,S,P60007168,C00609750,"SANDERS, BERNARD",JAMPAC
P60007168,C00674697,2020,74196.05,194,S,P60007168,C00674697,"SANDERS, BERNARD",SUNRISE PAC
P60007168,C00678839,2020,37385.27,2,S,P60007168,C00678839,"SANDERS, BERNARD",INDIVISIBLE ACTION
P60007168,C00682203,2020,2575.87,3,S,P60007168,C00682203,"SANDERS, BERNARD",THE REALLY ONLINE LEFTY LEAGUE
P60007168,C00685693,2020,6352.20,19,S,P60007168,C00685693,"SANDERS, BERNARD",CASA IN ACTION PAC
P60007168,C00686477,2020,938.94,1,S,P60007168,C00686477,"SANDERS, BERNARD",NOSOTROS PAC
P60007168,C00707810,2020,2806.00,24,S,P60007168,C00707810,"SANDERS, BERNARD",OREGON PROGRESSIVE DELEGATES
P60007168,C00710848,2020,1400032.35,7,O,P60007168,C00710848,"SANDERS, BERNARD",DMFI PAC
P60007168,C00720029,2020,559.95,1,S,P60007168,C00720029,"SANDERS, BERNARD",EVERYDAY PEOPLE
P60007168,C00728352,2020,68596.60,104,S,P60007168,C00728352,"SANDERS, BERNARD",DREAM DEFENDERS FIGHT PAC
P60007168,C00731372,2020,747942.88,560,S,P60007168,C00731372,"SANDERS, BERNARD",VOTE NURSES VALUES POLITICAL ACTION COMMITTEE: CALIFORNIA NURSES ASSOCIATION
P60007168,C00734616,2020,84.96,2,O,P60007168,C00734616,"SANDERS, BERNARD",RED WHITE AND DEFINITELY BLUE
P60007168,C00736009,2020,125250.00,4,S,P60007168,C00736009,"SANDERS, BERNARD",POPULAR DEMOCRACY PAC
P60007168,C00738039,2020,5634.21,5,S,P60007168,C00738039,"SANDERS, BERNARD",MIJENTE PAC
P60007168,C00738815,2020,61523.15,55,S,P60007168,C00738815,"SANDERS, BERNARD",TAKEACTION MN FEDERAL FUND
P60007168,C90013897,2020,2722.01,17,S,P60007168,C90013897,"SANDERS, BERNARD",IOWA CITIZENS FOR COMMUNITY IMPROVEMENT ACTION FUND
P60007168,C90015413,2020,82252.26,647,S,P60007168,C90015413,"SANDERS, BERNARD",DEMOCRATIC SOCIALISTS OF AMERICA INC.
P60007168,C90015637,2020,13820.82,34,S,P60007168,C90015637,"SANDERS, BERNARD",CHICAGO DEMOCRATIC SOCIALISTS OF AMERICA
P60007168,C90016833,2020,54054.35,15,S,P60007168,C90016833,"SANDERS, BERNARD",PEOPLE'S ACTION
P60007168,C90017963,2020,13269.08,71,S,P60007168,C90017963,"SANDERS, BERNARD",TAKING TEXAS TO THE TOP
P60007168,C90018045,2020,1006.04,20,S,P60007168,C90018045,"SANDERS, BERNARD",UNITED WE DREAM ACTION
P60007168,C90018433,2020,8484.00,2,S,P60007168,C90018433,"SANDERS, BERNARD",ONE PEOPLE'S CAMPAIGN
P60007168,C90018672,2020,937.97,10,S,P60007168,C90018672,"SANDERS, BERNARD",PHOENIX DSA
P60007168,C90018714,2020,19170.02,64,S,P60007168,C90018714,"SANDERS, BERNARD",EAST BAY DEMOCRATIC SOCIALISTS OF AMERICA
P60007168,C90018722,2020,9573.99,56,S,P60007168,C90018722,"SANDERS, BERNARD",SEATTLE DEMOCRATIC SOCIALISTS OF AMERICA
P60007168,C90018789,2020,1395.85,13,S,P60007168,C90018789,"SANDERS, BERNARD",TWIN PORTS DEMOCRATIC SOCIALISTS OF AMERICA
P60007168,C90018805,2020,35.86,3,S,P60007168,C90018805,"SANDERS, BERNARD",DEMOCRATIC SOCIALISTS OF AMERICA VENTURA COUNTY
P60007168,C90018821,2020,251.43,2,S,P60007168,C90018821,"SANDERS, BERNARD",MIAMI DSA INC.
P60007168,C90018839,2020,8782.64,18,S,P60007168,C90018839,"SANDERS, BERNARD",PHILADELPHIA DEMOCRATIC SOCIALISTS OF AMERICA
P60007168,C90018839,2020,248.94,2,,P60007168,C90018839,"SANDERS, BERNARD",PHILADELPHIA DEMOCRATIC SOCIALISTS OF AMERICA
P60007168,C90018862,2020,3754.87,46,S,P60007168,C90018862,"SANDERS, BERNARD","MISLOVE, ALAN EDWARD"
P60007168,C90018870,2020,2098.54,35,S,P60007168,C90018870,"SANDERS, BERNARD","KOROLOVA, ALEKSANDRA"
P60007168,C90018953,2020,275.00,7,S,P60007168,C90018953,"SANDERS, BERNARD",NEW ORLEANS DEMOCRATIC SOCIALISTS OF AMERICA
P60007168,C90018961,2020,2689.96,4,S,P60007168,C90018961,"SANDERS, BERNARD",MASSACHUSETTS DEMOCRATIC SOCIALISTS OF AMERICA SUPPORT NETWORK
P60007168,C90018995,2020,582.29,7,S,P60007168,C90018995,"SANDERS, BERNARD",PENINSULA DSA
P60007168,C90019001,2020,608.00,5,S,P60007168,C90019001,"SANDERS, BERNARD",MILWAUKEE DEMOCRATIC SOCIALISTS OF AMERICA INC.
P60007168,C90019019,2020,1174.61,4,S,P60007168,C90019019,"SANDERS, BERNARD",HOUSTON DEMOCRATIC SOCIALISTS OF AMERIC
P60007168,C90019027,2020,2190.40,2,S,P60007168,C90019027,"SANDERS, BERNARD",METRO DC DEMOCRATIC SOCIALISTS OF AMERICA
P60007168,C90019035,2020,297.43,10,S,P60007168,C90019035,"SANDERS, BERNARD",SNOHOMISH COUNTY DEMOCRATIC SOCIALISTS OF AMERICA
P60007168,C90019068,2020,2880.41,16,S,P60007168,C90019068,"SANDERS, BERNARD",METRO ATLANTA DEMOCRATIC SOCIALISTS OF AMERICA
P60007168,C90019084,2020,200.00,3,S,P60007168,C90019084,"SANDERS, BERNARD",DEMOCRATIC SOCIALISTS OF AMERICA HARRISBURG ASSN
P60007168,C90019092,2020,25.63,1,S,P60007168,C90019092,"SANDERS, BERNARD","SACRAMENTO DEMOCRATIC SOCIALISTS OF AMERICA, PARKER ROBERT JR."
P60007168,C90019175,2020,4819713.56,11,O,P60007168,C90019175,"SANDERS, BERNARD",BIG TENT PROJECT FUND
P60007168,C90019183,2020,12058.19,220,S,P60007168,C90019183,"SANDERS, BERNARD",TEXAS ORGANIZING PROJECT
P60007168,C90019225,2020,4355.00,4,S,P60007168,C90019225,"SANDERS, BERNARD",JANE ADDAMS SENIORS IN ACTION
P60007168,C90019233,2020,3467.59,2,S,P60007168,C90019233,"SANDERS, BERNARD",MICHIGAN PEOPLE'S CAMPAIGN
P60007168,C90019266,2020,500.57,12,S,P60007168,C90019266,"SANDERS, BERNARD",PIONEER VALLEY DEMOCRATIC SOCIALISTS OF AMERICA
P60007168,C90019274,2020,977.26,7,S,P60007168,C90019274,"SANDERS, BERNARD",NC PIEDMONT DSA
P60017852,C00638106,2020,30.25,1,O,P60017852,C00638106,"ROBERTS, CLIFTON LEE MR.",THE HUMANE PARTY
P60017852,C00638106,2020,2.80,2,S,P60017852,C00638106,"ROBERTS, CLIFTON LEE MR.",THE HUMANE PARTY
P80000722,C00000885,2020,2500.00,1,S,P80000722,C00000885,"BIDEN, JOSEPH R JR",INTERNATIONAL UNION OF PAINTERS AND ALLIED TRADES POLITICAL ACTION TOGETHER POLITICAL COMMITTEE
P80000722,C00000935,2020,186412.00,3,S,P80000722,C00000935,"BIDEN, JOSEPH R JR",DCCC
P80000722,C00002766,2020,4089.92,4,S,P80000722,C00002766,"BIDEN, JOSEPH R JR",UNITED FOOD AND COMMERCIAL WORKERS INTERNATIONAL UNION ACTIVE BALLOT CLUB
P80000722,C00002840,2020,118752.84,5,S,P80000722,C00002840,"BIDEN, JOSEPH R JR",UAW - V - CAP (UAW VOLUNTARY COMMUNITY ACTION PROGRAM)
P80000722,C00003590,2020,356.63,4,S,P80000722,C00003590,"BIDEN, JOSEPH R JR",UNITED STEELWORKERS POLITICAL ACTION FUND
P80000722,C00003632,2020,37182.22,9,S,P80000722,C00003632,"BIDEN, JOSEPH R JR",INT'L UNION OF BRICKLAYERS AND ALLIED CRAFTWORKERS
P80000722,C00004036,2020,5854621.47,96,S,P80000722,C00004036,"BIDEN, JOSEPH R JR",SEIU COPE (SERVICE EMPLOYEES INTERNATIONAL UNION COMMITTEE ON POLITICAL EDUCATION)
P80000722,C00007922,2020,526159.34,18,S,P80000722,C00007922,"BIDEN, JOSEPH R JR",LABORERS' INTERNATIONAL UNION OF NORTH AMERICA (LIUNA) PAC
P80000722,C00011114,2020,1335749.10,15,S,P80000722,C00011114,"BIDEN, JOSEPH R JR",AMERICAN FEDERATION OF STATE COUNTY & MUNICIPAL EMPLOYEES  P E O P L E
P80000722,C00029447,2020,148750.37,14,S,P80000722,C00029447,"BIDEN, JOSEPH R JR",INTERNATIONAL ASSOCIATION OF FIREFIGHTERS INTERESTED IN REGISTRATION AND EDUCATION PAC
P80000722,C00032979,2020,21711.48,6,S,P80000722,C00032979,"BIDEN, JOSEPH R JR","D.R.I.V.E. - DEMOCRAT, REPUBLICAN, INDEPENDENT VOTER EDUCATION (THE PAC OF THE INTERNATIONAL BROTHERHOOD OF TEAMSTERS)"
P80000722,C00032995,2020,12485.15,4,S,P80000722,C00032995,"BIDEN, JOSEPH R JR",AMALGAMATED TRANSIT UNION - COPE
P80000722,C00035600,2020,3140.07,1,S,P80000722,C00035600,"BIDEN, JOSEPH R JR",IOWA DEMOCRATIC PARTY
P80000722,C00041269,2020,626000.00,2,S,P80000722,C00041269,"BIDEN, JOSEPH R JR",GEORGIA FEDERAL ELECTIONS COMMITTEE
P80000722,C00053553,2020,431097.18,32,O,P80000722,C00053553,"BIDEN, JOSEPH R JR",NATIONAL RIFLE ASSOCIATION OF AMERICA POLITICAL VICTORY FUND
P80000722,C00143230,2020,356544.41,2,S,P80000722,C00143230,"BIDEN, JOSEPH R JR",NEW YORK STATE DEMOCRATIC COMMITTEE
P80000722,C00157537,2020,324.96,12,O,P80000722,C00157537,"BIDEN, JOSEPH R JR",WEST VIRGINIANS FOR LIFE INC POLITICAL ACTION COMMITTEE
P80000722,C00162818,2020,90246.96,11,S,P80000722,C00162818,"BIDEN, JOSEPH R JR",INTERNATIONAL BROTHERHOOD OF ELECTRICAL WORKERS LOCAL 98 COMMITTEE ON POLITICAL EDUCATION
P80000722,C00172361,2020,12777.27,9,O,P80000722,C00172361,"BIDEN, JOSEPH R JR",PENNSYLVANIA PRO-LIFE FEDERATION PAC
P80000722,C00176214,2020,31989.48,1,S,P80000722,C00176214,"BIDEN, JOSEPH R JR",INTERNATIONAL LONGSHORE AND WAREHOUSE UNION -- POLITICAL ACTION FUND
P80000722,C00188367,2020,24030.75,2,S,P80000722,C00188367,"BIDEN, JOSEPH R JR",DEMOCRATIC PARTY OF OREGON
P80000722,C00212787,2020,1753.42,1,S,P80000722,C00212787,"BIDEN, JOSEPH R JR",DEMOCRATIC PARTY OF HAWAII
P80000722,C00296640,2020,32500.00,2,O,P80000722,C00296640,"BIDEN, JOSEPH R JR",REPUBLICAN MAJORITY FUND
P80000722,C00299396,2020,6072.24,1,S,P80000722,C00299396,"BIDEN, JOSEPH R JR",ITALIAN AMERICAN DEMOCRATIC LEADERSHIP COUNCIL
P80000722,C00320432,2020,4250.00,4,S,P80000722,C00320432,"BIDEN, JOSEPH R JR",IRISH AMERICAN DEMOCRATS
P80000722,C00341396,2020,4256283.39,163,S,P80000722,C00341396,"BIDEN, JOSEPH R JR",MOVEON.ORG POLITICAL ACTION
P80000722,C00346239,2020,473.25,4,S,P80000722,C00346239,"BIDEN, JOSEPH R JR",ARAB AMERICAN POLITICAL ACTION COMMITTEE
P80000722,C00399444,2020,233.23,2,S,P80000722,C00399444,"BIDEN, JOSEPH R JR",DEMOCRATIC WOMEN OF SANTA BARBARA COUNTY
P80000722,C00406256,2020,69.82,1,S,P80000722,C00406256,"BIDEN, JOSEPH R JR",DEMOCRATIC CENTRAL COMMITTEE OF MARIN
P80000722,C00407866,2020,2867.79,8,S,P80000722,C00407866,"BIDEN, JOSEPH R JR",DEMOCRATIC ACTION CLUB OF CHICO
P80000722,C00418897,2020,93657.02,10,S,P80000722,C00418897,"BIDEN, JOSEPH R JR",VOTEVETS
P80000722,C00419986,2020,1808.40,1,S,P80000722,C00419986,"BIDEN, JOSEPH R JR",MONTEREY COUNTY DEMOCRATIC CENTRAL COMMITTEE
P80000722,C00427575,2020,22.11,1,S,P80000722,C00427575,"BIDEN, JOSEPH R JR",EASTERN WASHINGTON VOTERS
P80000722,C00428557,2020,2501947.72,51,S,P80000722,C00428557,"BIDEN, JOSEPH R JR",COLOROFCHANGE PAC
P80000722,C00429456,2020,167.91,4,S,P80000722,C00429456,"BIDEN, JOSEPH R JR",SANTA BARBARA WOMEN'S POLITICAL COMMITTEE (FED)
P80000722,C00429464,2020,20.00,1,S,P80000722,C00429464,"BIDEN, JOSEPH R JR",REDWOOD COAST DEMOCRATS
P80000722,C00432260,2020,916.74,25,O,P80000722,C00432260,"BIDEN, JOSEPH R JR",CLUB FOR GROWTH PAC
P80000722,C00449926,2020,47000.00,1,O,P80000722,C00449926,"BIDEN, JOSEPH R JR",AMERICAN FUTURE FUND POLITICAL ACTION
P80000722,C00455378,2020,25740.00,5,O,P80000722,C00455378,"BIDEN, JOSEPH R JR",THE NATIONAL REPUBLICAN TRUST PAC
P80000722,C00455923,2020,2400.00,2,O,P80000722,C00455923,"BIDEN, JOSEPH R JR",FEDUP POLITICAL ACTION COMMITTEE AKA FEDUP PAC
P80000722,C00473918,2020,5397510.11,12,S,P80000722,C00473918,"BIDEN, JOSEPH R JR",WOMEN VOTE!
P80000722,C00483693,2020,2137687.56,264,S,P80000722,C00483693,"BIDEN, JOSEPH R JR",SIERRA CLUB INDEPENDENT ACTION
P80000722,C00483883,2020,14095.30,2,S,P80000722,C00483883,"BIDEN, JOSEPH R JR",RETIRED AMERICANS PAC
P80000722,C00483891,2020,15000.00,1,S,P80000722,C00483891,"BIDEN, JOSEPH R JR",AEE ACTION FUND
P80000722,C00486845,2020,7171109.59,54,S,P80000722,C00486845,"BIDEN, JOSEPH R JR",LCV VICTORY FUND
P80000722,C00487470,2020,10644937.43,89,O,P80000722,C00487470,"BIDEN, JOSEPH R JR",CLUB FOR GROWTH ACTION
P80000722,C00488486,2020,66390.20,4,S,P80000722,C00488486,"BIDEN, JOSEPH R JR",COMMUNICATIONS WORKERS OF AMERICA WORKING VOICES
P80000722,C00489799,2020,2953809.98,123,S,P80000722,C00489799,"BIDEN, JOSEPH R JR",PLANNED PARENTHOOD VOTES
P80000722,C00489815,2020,8120.00,2,S,P80000722,C00489815,"BIDEN, JOSEPH R JR",NEA ADVOCACY FUND
P80000722,C00490375,2020,379075.38,8,S,P80000722,C00490375,"BIDEN, JOSEPH R JR",NATIONAL NURSES UNITED FOR PATIENT PROTECTION
P80000722,C00492140,2020,40000.00,1,S,P80000722,C00492140,"BIDEN, JOSEPH R JR",AB PAC
P80000722,C00495010,2020,325.89,3,O,P80000722,C00495010,"BIDEN, JOSEPH R JR",CONSERVATIVE CAMPAIGN COMMITTEE
P80000722,C00495028,2020,34750.00,2,S,P80000722,C00495028,"BIDEN, JOSEPH R JR",HOUSE MAJORITY PAC
P80000722,C00495861,2020,50826552.68,340,S,P80000722,C00495861,"BIDEN, JOSEPH R JR",PRIORITIES USA ACTION
P80000722,C00499020,2020,204250.00,3,O,P80000722,C00499020,"BIDEN, JOSEPH R JR",FREEDOMWORKS FOR AMERICA
P80000722,C00499020,2020,75000.00,1,S,P80000722,C00499020,"BIDEN, JOSEPH R JR",FREEDOMWORKS FOR AMERICA
P80000722,C00505792,2020,119375.80,3,O,P80000722,C00505792,"BIDEN, JOSEPH R JR",AMERICAN CONSERVATIVE UNION SUPER PAC
P80000722,C00508440,2020,660670.28,16,S,P80000722,C00508440,"BIDEN, JOSEPH R JR",HUMAN RIGHTS CAMPAIGN EQUALITY VOTES
P80000722,C00509463,2020,1006.58,2,S,P80000722,C00509463,"BIDEN, JOSEPH R JR",PROTECTING OUR VOTE PAC
P80000722,C00509893,2020,7047.98,3,O,P80000722,C00509893,"BIDEN, JOSEPH R JR",NATIONAL RIGHT TO LIFE VICTORY FUND
P80000722,C00521013,2020,348595.01,12,S,P80000722,C00521013,"BIDEN, JOSEPH R JR",FLORIDA FREEDOM PAC
P80000722,C00523621,2020,1586333.47,43,S,P80000722,C00523621,"BIDEN, JOSEPH R JR",UNITED WE CAN
P80000722,C00526673,2020,829451.54,24,S,P80000722,C00526673,"BIDEN, JOSEPH R JR",FAIR SHARE ACTION
P80000722,C00528455,2020,18032.38,2,S,P80000722,C00528455,"BIDEN, JOSEPH R JR",INTERNATIONAL ALLIANCE OF THEATRICAL STAGE EMPLOYEES FEDERAL SPEECH PAC
P80000722,C00528554,2020,2651399.66,4,O,P80000722,C00528554,"BIDEN, JOSEPH R JR",RJC VICTORY FUND
P80000722,C00530766,2020,3187935.22,50,O,P80000722,C00530766,"BIDEN, JOSEPH R JR",WOMEN SPEAK OUT PAC
P80000722,C00531624,2020,2500.00,1,O,P80000722,C00531624,"BIDEN, JOSEPH R JR",LOCAL VOICES
P80000722,C00531624,2020,137498.70,10,S,P80000722,C00531624,"BIDEN, JOSEPH R JR",LOCAL VOICES
P80000722,C00531814,2020,111378.58,4,S,P80000722,C00531814,"BIDEN, JOSEPH R JR",ENVIRONMENT AMERICA ACTION FUND
P80000722,C00532630,2020,3410000.00,5,O,P80000722,C00532630,"BIDEN, JOSEPH R JR",OUR AMERICAN CENTURY
P80000722,C00532705,2020,54288408.16,115,S,P80000722,C00532705,"BIDEN, JOSEPH R JR",INDEPENDENCE USA PAC
P80000722,C00544387,2020,2190412.35,20,O,P80000722,C00544387,"BIDEN, JOSEPH R JR",AMERICAN PRINCIPLES PROJECT PAC
P80000722,C00544767,2020,4157472.80,34,O,P80000722,C00544767,"BIDEN, JOSEPH R JR",THE COMMITTEE TO DEFEND THE PRESIDENT
P80000722,C00547349,2020,10363901.70,46,S,P80000722,C00547349,"BIDEN, JOSEPH R JR",NEXTGEN CLIMATE ACTION COMMITTEE
P80000722,C00556274,2020,125449.87,17,S,P80000722,C00556274,"BIDEN, JOSEPH R JR",USW WORKS
P80000722,C00559906,2020,841812.08,12,O,P80000722,C00559906,"BIDEN, JOSEPH R JR",AMERICAS PAC
P80000722,C00562777,2020,9118307.75,28,S,P80000722,C00562777,"BIDEN, JOSEPH R JR",LATINO VICTORY FUND
P80000722,C00563254,2020,27467.00,12,S,P80000722,C00563254,"BIDEN, JOSEPH R JR",DEMOCRATIC JEWISH OUTREACH PA
P80000722,C00564013,2020,418607.47,2,S,P80000722,C00564013,"BIDEN, JOSEPH R JR",ALLIANCE FOR A BETTER MINNESOTA FEDERAL PAC
P80000722,C00568931,2020,263043.56,7,S,P80000722,C00568931,"BIDEN, JOSEPH R JR",MI PLANNED PARENTHOOD VOTES
P80000722,C00571588,2020,15822575.38,25,O,P80000722,C00571588,"BIDEN, JOSEPH R JR",RESTORATION PAC
P80000722,C00573261,2020,21847.71,4,S,P80000722,C00573261,"BIDEN, JOSEPH R JR",END CITIZENS UNITED
P80000722,C00574533,2020,1809244.32,11,O,P80000722,C00574533,"BIDEN, JOSEPH R JR",FUTURE45
P80000722,C00580068,2020,2131830.25,66,S,P80000722,C00580068,"BIDEN, JOSEPH R JR",PROGRESSIVE TURNOUT PROJECT
P80000722,C00589507,2020,149943.69,25,S,P80000722,C00589507,"BIDEN, JOSEPH R JR","AAPI VICTORY FUND, INC."
P80000722,C00607374,2020,474745.51,13,O,P80000722,C00607374,"BIDEN, JOSEPH R JR",ELBERT GUILLORY'S AMERICA
P80000722,C00608489,2020,490525.66,10,O,P80000722,C00608489,"BIDEN, JOSEPH R JR",GREAT AMERICA PAC
P80000722,C00609388,2020,14141934.59,66,S,P80000722,C00609388,"BIDEN, JOSEPH R JR",BLACK PAC
P80000722,C00612820,2020,1004675.40,15,S,P80000722,C00612820,"BIDEN, JOSEPH R JR",COMMUNITY CHANGE VOTERS
P80000722,C00612846,2020,18.32,1,S,P80000722,C00612846,"BIDEN, JOSEPH R JR",THE DEMOCRATIC COALITION
P80000722,C00620971,2020,4347372.68,358,S,P80000722,C00620971,"BIDEN, JOSEPH R JR",FOR OUR FUTURE
P80000722,C00623595,2020,61365.95,3,S,P80000722,C00623595,"BIDEN, JOSEPH R JR",PA COMMON SENSE
P80000722,C00624056,2020,188641.28,33,S,P80000722,C00624056,"BIDEN, JOSEPH R JR",EDUCATORS FOR OHIO
P80000722,C00625533,2020,1675518.51,17,S,P80000722,C00625533,"BIDEN, JOSEPH R JR",NEW AMERICAN JOBS FUND
P80000722,C00625970,2020,26028.94,5,S,P80000722,C00625970,"BIDEN, JOSEPH R JR",BOLD FUTURE PAC
P80000722,C00626861,2020,915546.76,11,S,P80000722,C00626861,"BIDEN, JOSEPH R JR",WFP IE COMMITTEE
P80000722,C00627141,2020,662640.04,40,S,P80000722,C00627141,"BIDEN, JOSEPH R JR",UNITED FOR PROGRESS PAC
P80000722,C00627240,2020,84115.06,2,S,P80000722,C00627240,"BIDEN, JOSEPH R JR",WORKING MICHIGAN (SUPERPAC)
P80000722,C00627372,2020,2504481.50,218,S,P80000722,C00627372,"BIDEN, JOSEPH R JR",UNITE HERE PAC
P80000722,C00629477,2020,312938.33,4,S,P80000722,C00629477,"BIDEN, JOSEPH R JR",ULTRAVIOLET PAC
P80000722,C00630665,2020,160000.00,4,S,P80000722,C00630665,"BIDEN, JOSEPH R JR",JUSTICE DEMOCRATS PAC
P80000722,C00631317,2020,1000.00,1,S,P80000722,C00631317,"BIDEN, JOSEPH R JR",BLUE RISING
P80000722,C00632562,2020,235000.00,3,S,P80000722,C00632562,"BIDEN, JOSEPH R JR",INTEGRITY FIRST PAC
P80000722,C00635243,2020,48803.14,4,O,P80000722,C00635243,"BIDEN, JOSEPH R JR",STARS AND STRIPES FOREVER PAC
P80000722,C00636027,2020,5839.93,1,S,P80000722,C00636027,"BIDEN, JOSEPH R JR",TECH FOR CAMPAIGNS
P80000722,C00637512,2020,133775069.12,294,O,P80000722,C00637512,"BIDEN, JOSEPH R JR","AMERICA FIRST ACTION, INC."
P80000722,C00640300,2020,668.49,2,S,P80000722,C00640300,"BIDEN, JOSEPH R JR",FLIP THE WEST
P80000722,C00646877,2020,4063200.01,105,S,P80000722,C00646877,"BIDEN, JOSEPH R JR",PACRONYM
P80000722,C00648808,2020,99107.10,18,S,P80000722,C00648808,"BIDEN, JOSEPH R JR",VETERANS FOR RESPONSIBLE LEADERSHIP
P80000722,C00650168,2020,357732.05,61,O,P80000722,C00650168,"BIDEN, JOSEPH R JR",COALITION FOR AMERICAN VETERANS POLITICAL ACTION COMMITTEE
P80000722,C00654814,2020,5830.00,3,O,P80000722,C00654814,"BIDEN, JOSEPH R JR","PATRIOTS, LIBERTY, AND PROSPERITY PAC"
P80000722,C00660746,2020,9000.00,9,S,P80000722,C00660746,"BIDEN, JOSEPH R JR",BLUE UPRISING
P80000722,C00662072,2020,16459.10,3,O,P80000722,C00662072,"BIDEN, JOSEPH R JR",DRAIN THE DC SWAMP PAC
P80000722,C00668517,2020,664619.18,58,O,P80000722,C00668517,"BIDEN, JOSEPH R JR",BLACK AMERICANS TO RE-ELECT THE PRESIDENT
P80000722,C00668517,2020,76731.03,6,S,P80000722,C00668517,"BIDEN, JOSEPH R JR",BLACK AMERICANS TO RE-ELECT THE PRESIDENT
P80000722,C00669259,2020,74018835.92,19,S,P80000722,C00669259,"BIDEN, JOSEPH R JR",FF PAC
P80000722,C00672394,2020,5107946.64,120,S,P80000722,C00672394,"BIDEN, JOSEPH R JR",WIN JUSTICE
P80000722,C00674697,2020,1518.81,4,S,P80000722,C00674697,"BIDEN, JOSEPH R JR",SUNRISE PAC
P80000722,C00678839,2020,842756.47,63,S,P80000722,C00678839,"BIDEN, JOSEPH R JR",INDIVISIBLE ACTION
P80000722,C00678995,2020,1066709.10,5,S,P80000722,C00678995,"BIDEN, JOSEPH R JR",BE A HERO PAC
P80000722,C00680314,2020,56.00,1,O,P80000722,C00680314,"BIDEN, JOSEPH R JR",C3 PAC
P80000722,C00681825,2020,73500.00,3,O,P80000722,C00681825,"BIDEN, JOSEPH R JR",LAW ENFORCEMENT FOR A SAFER AMERICA PAC
P80000722,C00682815,2020,1275.96,3,S,P80000722,C00682815,"BIDEN, JOSEPH R JR",SUPERFANNYPAC
P80000722,C00684258,2020,478974.83,40,S,P80000722,C00684258,"BIDEN, JOSEPH R JR",UNIDOSUS ACTION PAC
P80000722,C00684332,2020,39623.24,3,S,P80000722,C00684332,"BIDEN, JOSEPH R JR",LIUNA MINNESOTA & NORTH DAKOTA/LABORERS' DISTRICT COUNCIL OF MINNESOTA & NORTH DAKOTA
P80000722,C00684530,2020,67810.44,16,S,P80000722,C00684530,"BIDEN, JOSEPH R JR",PLANNED PARENTHOOD OF MINNESOTA POLITICAL ACTION FUND
P80000722,C00684969,2020,291302.62,41,S,P80000722,C00684969,"BIDEN, JOSEPH R JR",JDCA PAC
P80000722,C00685628,2020,4367.62,2,S,P80000722,C00685628,"BIDEN, JOSEPH R JR",VOTE TRIPLING PAC
P80000722,C00685693,2020,439513.35,240,S,P80000722,C00685693,"BIDEN, JOSEPH R JR",CASA IN ACTION PAC
P80000722,C00686352,2020,174426.00,9,S,P80000722,C00686352,"BIDEN, JOSEPH R JR",DEMOCRATIC FRONTLINE
P80000722,C00686410,2020,2000.00,1,S,P80000722,C00686410,"BIDEN, JOSEPH R JR",ROSEDALE HUDDLE
P80000722,C00686832,2020,52457.28,20,S,P80000722,C00686832,"BIDEN, JOSEPH R JR",WAY TO LEAD PAC
P80000722,C00687491,2020,84.00,1,S,P80000722,C00687491,"BIDEN, JOSEPH R JR",PLANNED PARENTHOOD ADVOCACY PROJECT LOS ANGELES COUNTY ACTION FUND
P80000722,C00687830,2020,1293893.59,9,S,P80000722,C00687830,"BIDEN, JOSEPH R JR",POR NUESTRAS FAMILIAS
P80000722,C00688200,2020,220000.00,5,S,P80000722,C00688200,"BIDEN, JOSEPH R JR",HIGHER HIEGHTS POLITICAL FUND
P80000722,C00688432,2020,27.81,3,S,P80000722,C00688432,"BIDEN, JOSEPH R JR",PLANNED PARENTHOOD ACTION FUND OF THE PACIFIC SOUTHWEST PAC
P80000722,C00688655,2020,4077398.99,24,S,P80000722,C00688655,"BIDEN, JOSEPH R JR",EVERYTOWN FOR GUN SAFETY VICTORY FUND (EVERYTOWN VICTORY FUND)
P80000722,C00690776,2020,26972.60,9,S,P80000722,C00690776,"BIDEN, JOSEPH R JR",MICHIGAN LIBERATION ACTION FUND
P80000722,C00690867,2020,4454.31,2,S,P80000722,C00690867,"BIDEN, JOSEPH R JR",LEFT OF CENTER PAC
P80000722,C00692467,2020,63885.14,13,O,P80000722,C00692467,"BIDEN, JOSEPH R JR",FOUR MORE YEARS PAC
P80000722,C00693606,2020,419579.15,2,O,P80000722,C00693606,"BIDEN, JOSEPH R JR",GEORGIA ACTION FUND
P80000722,C00695528,2020,900000.00,1,S,P80000722,C00695528,"BIDEN, JOSEPH R JR",AMERICA'S FUTURE MAJORITY FUND
P80000722,C00701888,2020,37522948.96,162,S,P80000722,C00701888,"BIDEN, JOSEPH R JR",UNITE THE COUNTRY
P80000722,C00707844,2020,87035.75,9,S,P80000722,C00707844,"BIDEN, JOSEPH R JR",EDF ACTION VOTES
P80000722,C00708453,2020,47034.00,9,O,P80000722,C00708453,"BIDEN, JOSEPH R JR",AMERICAN VETERAN SOCIETY
P80000722,C00709691,2020,158092.09,18,O,P80000722,C00709691,"BIDEN, JOSEPH R JR","NEW JOURNEY PAC, INC."
P80000722,C00710848,2020,255188.50,5,S,P80000722,C00710848,"BIDEN, JOSEPH R JR",DMFI PAC
P80000722,C00718353,2020,820859.85,22,S,P80000722,C00718353,"BIDEN, JOSEPH R JR",MILLIONS OF MICHIGANIANS
P80000722,C00720029,2020,811.32,4,S,P80000722,C00720029,"BIDEN, JOSEPH R JR",EVERYDAY PEOPLE
P80000722,C00721779,2020,31500.00,2,S,P80000722,C00721779,"BIDEN, JOSEPH R JR",DEFENDERS PAC
P80000722,C00723098,2020,412897.35,8,S,P80000722,C00723098,"BIDEN, JOSEPH R JR",SUPERMAJORITY PAC
P80000722,C00724203,2020,3512576.74,44,S,P80000722,C00724203,"BIDEN, JOSEPH R JR",SOMOS PAC
P80000722,C00724559,2020,21311.56,5,S,P80000722,C00724559,"BIDEN, JOSEPH R JR",RED WINE AND BLUE PAC
P80000722,C00725820,2020,2252019.86,39,S,P80000722,C00725820,"BIDEN, JOSEPH R JR",THE LINCOLN PROJECT
P80000722,C00727008,2020,662.50,3,S,P80000722,C00727008,"BIDEN, JOSEPH R JR",REBELLION PAC
P80000722,C00727230,2020,72442.49,1,O,P80000722,C00727230,"BIDEN, JOSEPH R JR",TAKE BACK THE WEST PAC
P80000722,C00727719,2020,4017.86,1,S,P80000722,C00727719,"BIDEN, JOSEPH R JR",TRANSPORT WORKERS UNION VOICE
P80000722,C00728352,2020,1609.93,3,O,P80000722,C00728352,"BIDEN, JOSEPH R JR",DREAM DEFENDERS FIGHT PAC
P80000722,C00728352,2020,35268.63,19,S,P80000722,C00728352,"BIDEN, JOSEPH R JR",DREAM DEFENDERS FIGHT PAC
P80000722,C00731372,2020,145958.80,41,S,P80000722,C00731372,"BIDEN, JOSEPH R JR",VOTE NURSES VALUES POLITICAL ACTION COMMITTEE: CALIFORNIA NURSES ASSOCIATION
P80000722,C00733915,2020,18314.39,2,S,P80000722,C00733915,"BIDEN, JOSEPH R JR",MICHIGAN PEOPLES CHOICE
P80000722,C00736009,2020,445416.86,6,S,P80000722,C00736009,"BIDEN, JOSEPH R JR",POPULAR DEMOCRACY PAC
P80000722,C00738237,2020,843620.09,18,S,P80000722,C00738237,"BIDEN, JOSEPH R JR",PEOPLE'S ACTION POWER
P80000722,C00738815,2020,404223.16,17,S,P80000722,C00738815,"BIDEN, JOSEPH R JR",TAKEACTION MN FEDERAL FUND
P80000722,C00739557,2020,30148.15,2,S,P80000722,C00739557,"BIDEN, JOSEPH R JR",ASIAN AMERICAN ADVOCACY FUND PAC
P80000722,C00741710,2020,11216240.76,10,O,P80000722,C00741710,"BIDEN, JOSEPH R JR","NRA VICTORY FUND, INC."
P80000722,C00741710,2020,468197.62,1,S,P80000722,C00741710,"BIDEN, JOSEPH R JR","NRA VICTORY FUND, INC."
P80000722,C00742080,2020,1188.64,1,S,P80000722,C00742080,"BIDEN, JOSEPH R JR","PLANNED PARENTHOOD ALLIANCE PAC , SERVING WA, AK, ID, HI, IN, KY"
P80000722,C00742205,2020,16340.00,1,S,P80000722,C00742205,"BIDEN, JOSEPH R JR",SURJ PAC
P80000722,C00742635,2020,4887.34,13,O,P80000722,C00742635,"BIDEN, JOSEPH R JR",GUN RIGHTS AMERICA
P80000722,C00742775,2020,153873.71,35,S,P80000722,C00742775,"BIDEN, JOSEPH R JR",VOTE VALUES
P80000722,C00742932,2020,3700.00,2,S,P80000722,C00742932,"BIDEN, JOSEPH R JR",WIN THE WEST
P80000722,C00743021,2020,119728.61,8,S,P80000722,C00743021,"BIDEN, JOSEPH R JR",PA STANDS UP POLITICAL ACTION
P80000722,C00743989,2020,50069.07,8,O,P80000722,C00743989,"BIDEN, JOSEPH R JR","GOD, GUNS, LIFE PAC"
P80000722,C00744185,2020,2523827.36,15,S,P80000722,C00744185,"BIDEN, JOSEPH R JR",NUESTRO PAC
P80000722,C00744789,2020,470543.25,7,S,P80000722,C00744789,"BIDEN, JOSEPH R JR",AMERICA'S PROGRESSIVE PROMISE PAC
P80000722,C00744920,2020,4223193.35,26,S,P80000722,C00744920,"BIDEN, JOSEPH R JR",FAMILY FRIENDLY ACTION PAC
P80000722,C00745588,2020,119273.03,25,S,P80000722,C00745588,"BIDEN, JOSEPH R JR",PEOPLE FOR GOVERNMENT PAC
P80000722,C00745745,2020,2809675.53,47,S,P80000722,C00745745,"BIDEN, JOSEPH R JR",UNION 2020
P80000722,C00746073,2020,252562.78,5,S,P80000722,C00746073,"BIDEN, JOSEPH R JR",MEIDASTOUCH
P80000722,C00746107,2020,582582.00,8,S,P80000722,C00746107,"BIDEN, JOSEPH R JR",PROGRESSNOW AZ - FEDERAL
P80000722,C00747998,2020,20773.61,2,S,P80000722,C00747998,"BIDEN, JOSEPH R JR",CARE IN ACTION PAC
P80000722,C00748228,2020,191357.56,6,S,P80000722,C00748228,"BIDEN, JOSEPH R JR",MARCH ON PAC
P80000722,C00748301,2020,45950.66,4,S,P80000722,C00748301,"BIDEN, JOSEPH R JR",BLOC PAC
P80000722,C00748582,2020,66027.30,32,S,P80000722,C00748582,"BIDEN, JOSEPH R JR",REALLY AMERICAN PAC
P80000722,C00748772,2020,5139.85,3,S,P80000722,C00748772,"BIDEN, JOSEPH R JR",GENERATION ACTION FUND
P80000722,C00749952,2020,178.78,9,S,P80000722,C00749952,"BIDEN, JOSEPH R JR",BEST DAYS AHEAD
P80000722,C00750497,2020,276723.50,31,S,P80000722,C00750497,"BIDEN, JOSEPH R JR",NEW AMERICAN VOICES
P80000722,C00750786,2020,6862.50,3,S,P80000722,C00750786,"BIDEN, JOSEPH R JR",IMMIGRANT POWER PAC
P80000722,C00750927,2020,242.28,3,S,P80000722,C00750927,"BIDEN, JOSEPH R JR",GOTV PINELLAS
P80000722,C00751420,2020,5668415.40,38,S,P80000722,C00751420,"BIDEN, JOSEPH R JR",REPUBLICAN VOTERS AGAINST TRUMP INC
P80000722,C00752089,2020,39095.47,23,S,P80000722,C00752089,"BIDEN, JOSEPH R JR",ARIZONA REPUBLICANS WHO BELIEVE IN TREATING OTHERS WITH RESPECT
P80000722,C00752154,2020,1323.42,1,S,P80000722,C00752154,"BIDEN, JOSEPH R JR",WNY DEMOCRATIC UNITY FUND
P80000722,C00752501,2020,2778.00,1,S,P80000722,C00752501,"BIDEN, JOSEPH R JR",NO STONE UNTURNED PAC
P80000722,C00752576,2020,135906.60,7,S,P80000722,C00752576,"BIDEN, JOSEPH R JR",OUR VOICE OUR VOTE ARIZONA PAC
P80000722,C00752691,2020,1039492.37,66,S,P80000722,C00752691,"BIDEN, JOSEPH R JR",ONE FOR ALL COMMITTEE
P80000722,C00753293,2020,70534.37,8,S,P80000722,C00753293,"BIDEN, JOSEPH R JR",BLUE TEXAS PAC
P80000722,C00753459,2020,36662.94,28,S,P80000722,C00753459,"BIDEN, JOSEPH R JR",JEWISH UNITY PAC
P80000722,C00753632,2020,5524.77,6,S,P80000722,C00753632,"BIDEN, JOSEPH R JR",FACTPAC
P80000722,C00753640,2020,30140.84,5,S,P80000722,C00753640,"BIDEN, JOSEPH R JR",MICHIGAN ACTION - FEDERAL ACCOUNT
P80000722,C00753699,2020,37442.64,21,S,P80000722,C00753699,"BIDEN, JOSEPH R JR",NEW MORAL MAJORITY
P80000722,C00753921,2020,36687.05,7,O,P80000722,C00753921,"BIDEN, JOSEPH R JR","INDEPENDENTS FOR PROSPERITY, INC."
P80000722,C00753988,2020,17907.72,20,S,P80000722,C00753988,"BIDEN, JOSEPH R JR",CHINESE PROGRESSIVE POLITICAL ACTION IE PAC
P80000722,C00754051,2020,3632343.46,126,S,P80000722,C00754051,"BIDEN, JOSEPH R JR",TAKE BACK 2020
P80000722,C00754150,2020,331.80,3,S,P80000722,C00754150,"BIDEN, JOSEPH R JR",THE SHADOW PROJECTOR
P80000722,C00754168,2020,1779139.68,11,O,P80000722,C00754168,"BIDEN, JOSEPH R JR",MOMS FOR SAFE NEIGHBORHOODS
P80000722,C00754242,2020,2199.35,3,S,P80000722,C00754242,"BIDEN, JOSEPH R JR",TSB VICTORY
P80000722,C00754671,2020,26266.81,34,S,P80000722,C00754671,"BIDEN, JOSEPH R JR",UNITED WE DREAM ACTION PAC
P80000722,C00754754,2020,75242.55,18,S,P80000722,C00754754,"BIDEN, JOSEPH R JR",RURALVOTE.ORG
P80000722,C00755363,2020,37731.97,2,S,P80000722,C00755363,"BIDEN, JOSEPH R JR",VOTE FOR EQUALITY
P80000722,C00755942,2020,440486.30,24,S,P80000722,C00755942,"BIDEN, JOSEPH R JR",DEMOCRACY PRESERVATION INITIATIVE
P80000722,C00755959,2020,3500.00,1,S,P80000722,C00755959,"BIDEN, JOSEPH R JR",PROGRESSIVE BILLBOARDS ACTION COMMITTEE
P80000722,C00756056,2020,9814.81,3,S,P80000722,C00756056,"BIDEN, JOSEPH R JR",PROTECT THE VOTE
P80000722,C00756569,2020,814356.97,2721,S,P80000722,C00756569,"BIDEN, JOSEPH R JR",WORKER POWER PAC
P80000722,C00756635,2020,439242.66,10,S,P80000722,C00756635,"BIDEN, JOSEPH R JR",AMERICANS FOR DECENCY AND DEMOCRACY
P80000722,C00756882,2020,102983483.91,26,O,P80000722,C00756882,"BIDEN, JOSEPH R JR",PRESERVE AMERICA PAC
P80000722,C00756940,2020,768231.86,13,S,P80000722,C00756940,"BIDEN, JOSEPH R JR",TEXAS ORGANIZING PROJECT POLITICAL ACTION COMMITTEE
P80000722,C00756973,2020,2247.00,1,S,P80000722,C00756973,"BIDEN, JOSEPH R JR",E PLURIBUS PAC
P80000722,C00756999,2020,3833.34,1,S,P80000722,C00756999,"BIDEN, JOSEPH R JR",GBP
P80000722,C00757187,2020,55486.31,28,S,P80000722,C00757187,"BIDEN, JOSEPH R JR",THE LAST DRAW
P80000722,C00757393,2020,4564.72,8,S,P80000722,C00757393,"BIDEN, JOSEPH R JR",CITIZENS FOR VOTING EQUITY
P80000722,C00757500,2020,3511.61,2,S,P80000722,C00757500,"BIDEN, JOSEPH R JR",ERNIE AND DEBBIE
P80000722,C00757542,2020,3389.02,6,S,P80000722,C00757542,"BIDEN, JOSEPH R JR",OUR CITY OUR FUTURE PAC
P80000722,C00757864,2020,34038.45,16,S,P80000722,C00757864,"BIDEN, JOSEPH R JR",JEWS DEFENDING AMERICAN VALUES
P80000722,C00757963,2020,55850.26,18,S,P80000722,C00757963,"BIDEN, JOSEPH R JR",SWPA MOVING FORWARD
P80000722,C00758011,2020,731065.59,47,S,P80000722,C00758011,"BIDEN, JOSEPH R JR",VOTAR ES PODER PAC
P80000722,C00758136,2020,2000.00,1,O,P80000722,C00758136,"BIDEN, JOSEPH R JR",REPUBLICAN PARTY-EAU CLAIRE COUNTY
P80000722,C00759134,2020,12700.03,28,S,P80000722,C00759134,"BIDEN, JOSEPH R JR",UNIDOS WE WIN PAC
P80000722,C00759159,2020,325288.62,6,S,P80000722,C00759159,"BIDEN, JOSEPH R JR",THE FUTURE WE NEED
P80000722,C00759597,2020,42122.94,68,S,P80000722,C00759597,"BIDEN, JOSEPH R JR",WORKING PEOPLE RISING
P80000722,C00759670,2020,115.53,2,S,P80000722,C00759670,"BIDEN, JOSEPH R JR",FRANKLIN COUNTY DEMOCRATIC EXECUTIVE COMMITTEE
P80000722,C00759878,2020,91015.00,10,S,P80000722,C00759878,"BIDEN, JOSEPH R JR",FAITH VOTERS
P80000722,C00760041,2020,1637.97,1,S,P80000722,C00760041,"BIDEN, JOSEPH R JR",INDIVISIBLE OC 48 ACTION
P80000722,C00760132,2020,8066.11,1,S,P80000722,C00760132,"BIDEN, JOSEPH R JR",NYIC POLITICAL ACTION FUND
P80000722,C00760488,2020,111650.95,2,S,P80000722,C00760488,"BIDEN, JOSEPH R JR",WOMEN'S MARCH WIN
P80000722,C00760504,2020,3519170.00,11,S,P80000722,C00760504,"BIDEN, JOSEPH R JR",SOMOS VOTANTES
P80000722,C00760678,2020,152250.00,6,S,P80000722,C00760678,"BIDEN, JOSEPH R JR",BLACK VOTE PA
P80000722,C00760801,2020,209806.40,6,S,P80000722,C00760801,"BIDEN, JOSEPH R JR",THE TURNOUT PROJECT
P80000722,C00761023,2020,2164.00,5,S,P80000722,C00761023,"BIDEN, JOSEPH R JR",BLUE SUMMIT COUNTY
P80000722,C00761064,2020,10000.00,1,S,P80000722,C00761064,"BIDEN, JOSEPH R JR",API PA VOTES
P80000722,C00761585,2020,34687.57,11,S,P80000722,C00761585,"BIDEN, JOSEPH R JR",ARTISTS FOR THE FUTURE PAC
P80000722,C90004185,2020,50000.00,1,S,P80000722,C90004185,"BIDEN, JOSEPH R JR",NARAL PRO-CHOICE AMERICA
P80000722,C90009317,2020,542482.67,6,S,P80000722,C90009317,"BIDEN, JOSEPH R JR",CENTER FOR VOTER INFORMATION (CVI)
P80000722,C90010620,2020,24800.00,1,S,P80000722,C90010620,"BIDEN, JOSEPH R JR",VOTEVETS.ORG ACTION FUND
P80000722,C90011156,2020,4132937.73,98,S,P80000722,C90011156,"BIDEN, JOSEPH R JR",WORKING AMERICA
P80000722,C90011172,2020,1881158.47,20,S,P80000722,C90011172,"BIDEN, JOSEPH R JR",AMERICAN FEDERATION OF STATE COUNTY AND MUNICIPAL EMPLOYEES AFL-CIO
P80000722,C90011800,2020,350536.01,9,O,P80000722,C90011800,"BIDEN, JOSEPH R JR",CATHOLICVOTE.ORG
P80000722,C90011974,2020,101061.97,1,S,P80000722,C90011974,"BIDEN, JOSEPH R JR",CITIZEN ACTION OF WISCONSIN
P80000722,C90013376,2020,1009.55,1,S,P80000722,C90013376,"BIDEN, JOSEPH R JR",UNITE HERE TIP STATE & LOCAL FUND
P80000722,C90013517,2020,2485.84,2,S,P80000722,C90013517,"BIDEN, JOSEPH R JR",PAGE COMMUNICATIONS L.L.C.
P80000722,C90013566,2020,4672.82,1,S,P80000722,C90013566,"BIDEN, JOSEPH R JR",BROTHERHOOD OF RAILROAD SIGNALMEN
P80000722,C90014580,2020,5000.00,3,S,P80000722,C90014580,"BIDEN, JOSEPH R JR",350.ORG ACTION FUND
P80000722,C90015140,2020,236134.50,10,S,P80000722,C90015140,"BIDEN, JOSEPH R JR",AFT SOLIDARITY
P80000722,C90015215,2020,149080.66,3,S,P80000722,C90015215,"BIDEN, JOSEPH R JR",CASA IN ACTION INC.
P80000722,C90015322,2020,31340.00,4,S,P80000722,C90015322,"BIDEN, JOSEPH R JR","UNIDOSUS ACTION FUND, INC."
P80000722,C90016023,2020,497801.90,34,S,P80000722,C90016023,"BIDEN, JOSEPH R JR",32BJ UNITED AMERICAN DREAM FUND
P80000722,C90016023,2020,4674.25,1,,P80000722,C90016023,"BIDEN, JOSEPH R JR",32BJ UNITED AMERICAN DREAM FUND
P80000722,C90016072,2020,156072.64,16,S,P80000722,C90016072,"BIDEN, JOSEPH R JR",BEND THE ARC JEWISH ACTION INC
P80000722,C90016098,2020,514787.66,4,S,P80000722,C90016098,"BIDEN, JOSEPH R JR",MAJORITY FORWARD
P80000722,C90016106,2020,211779.15,8,S,P80000722,C90016106,"BIDEN, JOSEPH R JR",AFL-CIO COMMITTEE ON POLITICAL EDUCATION TREASURY FUND
P80000722,C90016510,2020,45542.76,11,S,P80000722,C90016510,"BIDEN, JOSEPH R JR",PLANNED PARENTHOOD ADVOCATES OF WISCONSIN POLITICAL FUND
P80000722,C90016577,2020,3974.98,20,S,P80000722,C90016577,"BIDEN, JOSEPH R JR",MAKE THE ROAD ACTION INC.
P80000722,C90016585,2020,8576.51,9,S,P80000722,C90016585,"BIDEN, JOSEPH R JR",COLORADO PEOPLE'S ACTION
P80000722,C90016585,2020,1022.61,1,,P80000722,C90016585,"BIDEN, JOSEPH R JR",COLORADO PEOPLE'S ACTION
P80000722,C90016627,2020,83212.59,797,S,P80000722,C90016627,"BIDEN, JOSEPH R JR",CASE ACTION FUND
P80000722,C90016783,2020,50993.43,5,S,P80000722,C90016783,"BIDEN, JOSEPH R JR",ADVANCE NORTH CAROLINA
P80000722,C90016833,2020,2500.00,1,S,P80000722,C90016833,"BIDEN, JOSEPH R JR",PEOPLE'S ACTION
P80000722,C90016999,2020,2300.00,1,S,P80000722,C90016999,"BIDEN, JOSEPH R JR",TRANSPORTATION TRADES DEPARTMENT AFL-CIO POLITICAL EDUCATION FUND
P80000722,C90017088,2020,713606.01,7,S,P80000722,C90017088,"BIDEN, JOSEPH R JR",CLIMATE REALITY ACTION FUND
P80000722,C90017492,2020,2600.70,9,S,P80000722,C90017492,"BIDEN, JOSEPH R JR",INDIVISIBLE PROJECT INC.
P80000722,C90017526,2020,498.74,4,S,P80000722,C90017526,"BIDEN, JOSEPH R JR",NASTY WOMEN GET SHIT DONE
P80000722,C90017757,2020,1028.24,5,S,P80000722,C90017757,"BIDEN, JOSEPH R JR",PROGRESS TEXAS
P80000722,C90017955,2020,164897.44,13,S,P80000722,C90017955,"BIDEN, JOSEPH R JR",SERVICE EMPLOYEES INTERNATIONAL UNION POLITICAL EDUCATION AND ACTION FUND
P80000722,C90017997,2020,2212534.79,19,S,P80000722,C90017997,"BIDEN, JOSEPH R JR",BLACK PROGRESSIVE ACTION COALITION
P80000722,C90018045,2020,101.39,4,O,P80000722,C90018045,"BIDEN, JOSEPH R JR",UNITED WE DREAM ACTION
P80000722,C90018045,2020,719.10,8,S,P80000722,C90018045,"BIDEN, JOSEPH R JR",UNITED WE DREAM ACTION
P80000722,C90018250,2020,231000.00,3,S,P80000722,C90018250,"BIDEN, JOSEPH R JR",FAITH IN PUBLIC LIFE ACTION FUND
P80000722,C90018300,2020,316806.00,4,S,P80000722,C90018300,"BIDEN, JOSEPH R JR",MID-ATLANTIC LABORERS POLITICAL EDUCATION FUND
P80000722,C90018367,2020,914104.52,10,S,P80000722,C90018367,"BIDEN, JOSEPH R JR",MOMSRISING TOGETHER
P80000722,C90018524,2020,682247.09,16,S,P80000722,C90018524,"BIDEN, JOSEPH R JR",FAMILY FRIENDLY ACTION FUND
P80000722,C90018862,2020,963.63,5,S,P80000722,C90018862,"BIDEN, JOSEPH R JR","MISLOVE, ALAN EDWARD"
P80000722,C90018870,2020,145.60,9,S,P80000722,C90018870,"BIDEN, JOSEPH R JR","KOROLOVA, ALEKSANDRA"
P80000722,C90018946,2020,639.01,16,S,P80000722,C90018946,"BIDEN, JOSEPH R JR",JEWS FOR JOE 2020
P80000722,C90019258,2020,58028.00,9,S,P80000722,C90019258,"BIDEN, JOSEPH R JR",FELLOW AMERICANS
P80000722,C90019316,2020,2523134.86,175,S,P80000722,C90019316,"BIDEN, JOSEPH R JR",DEFENDING DEMOCRACY TOGETHER
P80000722,C90019423,2020,656.62,1,S,P80000722,C90019423,"BIDEN, JOSEPH R JR",BIDEN HAWAII HUI
P80000722,C90019514,2020,15573.52,6,S,P80000722,C90019514,"BIDEN, JOSEPH R JR",FUSE WASHINGTON
P80000722,C90019530,2020,118672.00,6,S,P80000722,C90019530,"BIDEN, JOSEPH R JR",STORY NETWORK FOUNDATION
P80000722,C90019589,2020,1215596.89,13,S,P80000722,C90019589,"BIDEN, JOSEPH R JR",ALLIANCE FOR YOUTH ACTION
P80000722,C90019597,2020,358236.06,15,O,P80000722,C90019597,"BIDEN, JOSEPH R JR",TURNING POINT ACTION
P80000722,C90019654,2020,15387.01,1,S,P80000722,C90019654,"BIDEN, JOSEPH R JR","GAZARD, AMY LYNN"
P80000722,C90019662,2020,337000.00,5,S,P80000722,C90019662,"BIDEN, JOSEPH R JR",NILC IMMIGRANT JUSTICE FUND
P80000722,C90019670,2020,627500.00,4,S,P80000722,C90019670,"BIDEN, JOSEPH R JR",COMMONWEALTH COMMUNICATIONS
P80000722,C90019704,2020,155003.84,1,S,P80000722,C90019704,"BIDEN, JOSEPH R JR",PENNSYLVANIA FUND FOR CHANGE
P80000722,C90019712,2020,32579.99,10,S,P80000722,C90019712,"BIDEN, JOSEPH R JR",COALITION FOR GREEN CAPITAL ACTION FUND
P80000722,C90019761,2020,4628.81,3,S,P80000722,C90019761,"BIDEN, JOSEPH R JR",SOUTH CORD MANAGEMENT LLC
P80000722,C90019779,2020,3960.00,5,S,P80000722,C90019779,"BIDEN, JOSEPH R JR",PIVOT - THE PROGRESSIVE VIETNAMESE ORGANIZATION
P80000722,C90019787,2020,360.06,1,S,P80000722,C90019787,"BIDEN, JOSEPH R JR","BROOM/CLARKSON, ROBERT/MARY VAIL/PRUDENCE"
P80000722,C90019837,2020,838.21,1,S,P80000722,C90019837,"BIDEN, JOSEPH R JR",BRADY CAMPAIGN TO PREVENT GUN VIOLENCE
P80000722,C90019845,2020,96249.67,2,O,P80000722,C90019845,"BIDEN, JOSEPH R JR",TRUTH AND LIBERTY COALITION INC.
P80000722,C90019878,2020,104558.75,44,S,P80000722,C90019878,"BIDEN, JOSEPH R JR",WAY TO WIN ACTION FUND
P80000722,C90019894,2020,1391.25,1,S,P80000722,C90019894,"BIDEN, JOSEPH R JR",FRIENDS OF BRIAN ELDER
P80000722,C90019910,2020,1977.22,1,S,P80000722,C90019910,"BIDEN, JOSEPH R JR",CAROLINA FEDERATION
P80000722,C90019951,2020,19850.00,6,S,P80000722,C90019951,"BIDEN, JOSEPH R JR",VOTE YES ON QUESTION 2
P80000722,C90019969,2020,86971.94,3,S,P80000722,C90019969,"BIDEN, JOSEPH R JR",GARDEN STATE FORWARD
P80000722,C90019977,2020,13369.00,1,S,P80000722,C90019977,"BIDEN, JOSEPH R JR",MINNESOTA AFL-CIO
P80000722,C90020009,2020,6915.31,2,S,P80000722,C90020009,"BIDEN, JOSEPH R JR",AFSCME COUNCIL 5
P80000722,C90020025,2020,6992.73,9,S,P80000722,C90020025,"BIDEN, JOSEPH R JR",BLUEGREEN ALLIANCE INC.
P80000722,C90020041,2020,284213.83,6,S,P80000722,C90020041,"BIDEN, JOSEPH R JR",EQUALITY FLORIDA ACTION INC.
P80000722,C90020074,2020,3692.00,4,S,P80000722,C90020074,"BIDEN, JOSEPH R JR",CAMPAIGN FOR GREAT CAMDEN SCHOOLS INC.
P80000722,C90020082,2020,70926.09,25,S,P80000722,C90020082,"BIDEN, JOSEPH R JR",FAITH 2020
P80000722,C90020116,2020,31.73,1,O,P80000722,C90020116,"BIDEN, JOSEPH R JR",CHESAPEAKE CLIMATE ACTION NETWORK ACTION FUND
P80000722,C90020116,2020,5056.32,95,S,P80000722,C90020116,"BIDEN, JOSEPH R JR",CHESAPEAKE CLIMATE ACTION NETWORK ACTION FUND
P80000722,C90020140,2020,26391.29,73,S,P80000722,C90020140,"BIDEN, JOSEPH R JR",WORKERS DEFENSE ACTION FUND
P80000722,C90020165,2020,16225.00,16,S,P80000722,C90020165,"BIDEN, JOSEPH R JR",WISDOM ACTION NETWORK
P80000722,C90020181,2020,37480.96,2,S,P80000722,C90020181,"BIDEN, JOSEPH R JR",LEADERS IGNITING TRANSFORMATION
P80000722,C90020199,2020,83227.03,63,S,P80000722,C90020199,"BIDEN, JOSEPH R JR",WORKMONEY
P80000722,C90020207,2020,45805.01,469,S,P80000722,C90020207,"BIDEN, JOSEPH R JR",OHIO COALITION OF LABOR UNION WOMEN
P80000722,C90020231,2020,173762.70,23,S,P80000722,C90020231,"BIDEN, JOSEPH R JR",THOMAS PAINE SOCIETY L.L.C.
P80000722,C90020306,2020,860.00,3,S,P80000722,C90020306,"BIDEN, JOSEPH R JR",DREAMS IN ACTION NM
P80000722,C90020363,2020,680.92,3,S,P80000722,C90020363,"BIDEN, JOSEPH R JR",NAKASEC ACTION FUND
P80000722,C90020389,2020,54384.75,14,S,P80000722,C90020389,"BIDEN, JOSEPH R JR",215 PEOPLE'S ALLIANCE
P80000722,C90020421,2020,4000.00,1,S,P80000722,C90020421,"BIDEN, JOSEPH R JR",MARCH ON
P80000722,C90020462,2020,3672.03,11,S,P80000722,C90020462,"BIDEN, JOSEPH R JR",350 NEW HAMPSHIRE ACTION
P80000722,C90020504,2020,235687.32,3,O,P80000722,C90020504,"BIDEN, JOSEPH R JR",GREG ABBOTT CAMPAIGN
P80000722,C90020983,2020,637.50,1,S,P80000722,C90020983,"BIDEN, JOSEPH R JR","WEW-WEST END WOMEN, JEANNE ALAINE MS."
P80000722,C90021007,2020,2242.45,2,S,P80000722,C90021007,"BIDEN, JOSEPH R JR","DICKSON, ERIN"
P80000722,C90021049,2020,6129.22,1,S,P80000722,C90021049,"BIDEN, JOSEPH R JR",AMERICAN POSTAL WORKERS UNION AFL-CIO
P80001571,C00000935,2020,118528.55,2,O,P80001571,C00000935,"TRUMP, DONALD J.",DCCC
P80001571,C00004036,2020,1235080.30,37,O,P80001571,C00004036,"TRUMP, DONALD J.",SEIU COPE (SERVICE EMPLOYEES INTERNATIONAL UNION COMMITTEE ON POLITICAL EDUCATION)
P80001571,C00004036,2020,5200.00,1,S,P80001571,C00004036,"TRUMP, DONALD J.",SEIU COPE (SERVICE EMPLOYEES INTERNATIONAL UNION COMMITTEE ON POLITICAL EDUCATION)
P80001571,C00006486,2020,19455.68,18,S,P80001571,C00006486,"TRUMP, DONALD J.","INDIANA REPUBLICAN STATE COMMITTEE, INC."
P80001571,C00011114,2020,849426.10,15,O,P80001571,C00011114,"TRUMP, DONALD J.",AMERICAN FEDERATION OF STATE COUNTY & MUNICIPAL EMPLOYEES  P E O P L E
P80001571,C00012476,2020,200000.00,1,O,P80001571,C00012476,"TRUMP, DONALD J.",UA UNION PLUMBERS & PIPEFITTERS VOTE! PAC (UNITED ASSOCIATION OF JOURNEYMEN AND APPRENTICES OF THE PLUMBING & PIPEFITTING INDUSTRY OF THE UNITED STATES AND CANADA)
P80001571,C00035600,2020,30385.73,8,O,P80001571,C00035600,"TRUMP, DONALD J.",IOWA DEMOCRATIC PARTY
P80001571,C00041160,2020,51039.53,9,S,P80001571,C00041160,"TRUMP, DONALD J.",MICHIGAN REPUBLICAN PARTY
P80001571,C00044776,2020,9743.95,1,S,P80001571,C00044776,"TRUMP, DONALD J.",ALABAMA REPUBLICAN PARTY
P80001571,C00053553,2020,4129459.80,338,S,P80001571,C00053553,"TRUMP, DONALD J.",NATIONAL RIFLE ASSOCIATION OF AMERICA POLITICAL VICTORY FUND
P80001571,C00074450,2020,249746.96,19,S,P80001571,C00074450,"TRUMP, DONALD J.",REPUBLICAN PARTY OF WISCONSIN
P80001571,C00101212,2020,750.00,1,S,P80001571,C00101212,"TRUMP, DONALD J.",RIGHT TO LIFE OF MICHIGAN POLITICAL ACTION COMMITTEE
P80001571,C00111278,2020,9600.00,5,S,P80001571,C00111278,"TRUMP, DONALD J.",NATIONAL RIGHT TO LIFE POLITICAL ACTION COMMITTEE
P80001571,C00129171,2020,12828.55,4,S,P80001571,C00129171,"TRUMP, DONALD J.","MINNESOTA CITIZENS CONCERNED FOR LIFE, INC. FEDERAL PAC"
P80001571,C00135368,2020,75364.24,58,O,P80001571,C00135368,"TRUMP, DONALD J.",SIERRA CLUB POLITICAL COMMITTEE
P80001571,C00141572,2020,74.67,1,S,P80001571,C00141572,"TRUMP, DONALD J.",RIGHT TO LIFE/OREGON PAC
P80001571,C00143743,2020,24250.00,1,S,P80001571,C00143743,"TRUMP, DONALD J.",REPUBLICAN PARTY OF TEXAS
P80001571,C00157537,2020,803.66,32,S,P80001571,C00157537,"TRUMP, DONALD J.",WEST VIRGINIANS FOR LIFE INC POLITICAL ACTION COMMITTEE
P80001571,C00172361,2020,12068.66,10,S,P80001571,C00172361,"TRUMP, DONALD J.",PENNSYLVANIA PRO-LIFE FEDERATION PAC
P80001571,C00175521,2020,4207.79,9,S,P80001571,C00175521,"TRUMP, DONALD J.",KANSANS FOR LIFE FEDERAL POLITICAL ACTION COMMITTEE
P80001571,C00206516,2020,8544.89,2,S,P80001571,C00206516,"TRUMP, DONALD J.",SC CITIZENS FOR LIFE-P A C
P80001571,C00260331,2020,825.66,1,S,P80001571,C00260331,"TRUMP, DONALD J.",NEW JERSEY RIGHT TO  LIFE COMMITTEE FEDERAL PAC
P80001571,C00265546,2020,4887.62,2,S,P80001571,C00265546,"TRUMP, DONALD J.",SOUTHERN STATES POLICE BENEVOLENT ASSOC PAC FUND
P80001571,C00265603,2020,2500.00,1,S,P80001571,C00265603,"TRUMP, DONALD J.",KERN COUNTY REPUBLICAN CENTRAL COMMITTEE (FED)
P80001571,C00276659,2020,3145.74,4,O,P80001571,C00276659,"TRUMP, DONALD J.",SLO COUNTY DEMOCRATIC PARTY-FEDERAL
P80001571,C00284018,2020,175.00,1,S,P80001571,C00284018,"TRUMP, DONALD J.",VERMONT RIGHT TO LIFE COMMITTEE INC. POLITICAL COMMITTEE
P80001571,C00300731,2020,10.00,1,O,P80001571,C00300731,"TRUMP, DONALD J.",LOS ANGELES COUNTY DEMOCRATIC CENTRAL COMMITTEE
P80001571,C00332296,2020,20480.35,1,S,P80001571,C00332296,"TRUMP, DONALD J.",SUSAN B ANTHONY LIST INC. CANDIDATE FUND
P80001571,C00341396,2020,2467621.26,463,O,P80001571,C00341396,"TRUMP, DONALD J.",MOVEON.ORG POLITICAL ACTION
P80001571,C00380873,2020,6090.21,2,S,P80001571,C00380873,"TRUMP, DONALD J.",SEVENTH CONGRESSIONAL DISTRICT REPUBLICAN PARTY OF MINNESOTA
P80001571,C00405043,2020,498.82,1,S,P80001571,C00405043,"TRUMP, DONALD J.",GLENN COUNTY REPUBLICAN PARTY CENTRAL COMMITTEE (FED. ACCT.)
P80001571,C00418897,2020,966345.92,31,O,P80001571,C00418897,"TRUMP, DONALD J.",VOTEVETS
P80001571,C00419978,2020,16106.00,16,O,P80001571,C00419978,"TRUMP, DONALD J.",DEFEAT BAD LEADERS 2020
P80001571,C00426528,2020,467.68,4,S,P80001571,C00426528,"TRUMP, DONALD J.",RHODE ISLAND STATE RIGHT TO LIFE COMMITTEE INC FEDERAL PAC
P80001571,C00427575,2020,764.94,8,O,P80001571,C00427575,"TRUMP, DONALD J.",EASTERN WASHINGTON VOTERS
P80001571,C00428557,2020,22869.80,2,O,P80001571,C00428557,"TRUMP, DONALD J.",COLOROFCHANGE PAC
P80001571,C00429464,2020,300.00,1,O,P80001571,C00429464,"TRUMP, DONALD J.",REDWOOD COAST DEMOCRATS
P80001571,C00432260,2020,12284.31,5,S,P80001571,C00432260,"TRUMP, DONALD J.",CLUB FOR GROWTH PAC
P80001571,C00433318,2020,111.71,1,O,P80001571,C00433318,"TRUMP, DONALD J.",PLACER COUNTY DEMOCRATIC CENTRAL COMMITTEE
P80001571,C00452482,2020,25350.00,3,S,P80001571,C00452482,"TRUMP, DONALD J.",REPUBLICAN PARTY OF CUYAHOGA COUNTY FEDERAL CAMPAIGN COMMITTEE
P80001571,C00454751,2020,9100.55,2,S,P80001571,C00454751,"TRUMP, DONALD J.",5TH CONGRESSIONAL DISTRICT OF VIRGINIA REPUBLICAN COMMITTEE
P80001571,C00454942,2020,74510.47,64,S,P80001571,C00454942,"TRUMP, DONALD J.",WILLIAMSON COUNTY REPUBLICAN PARTY FEDERAL PAC
P80001571,C00455923,2020,2167.60,1,O,P80001571,C00455923,"TRUMP, DONALD J.",FEDUP POLITICAL ACTION COMMITTEE AKA FEDUP PAC
P80001571,C00455923,2020,103162.01,56,S,P80001571,C00455923,"TRUMP, DONALD J.",FEDUP POLITICAL ACTION COMMITTEE AKA FEDUP PAC
P80001571,C00479824,2020,1190.00,1,O,P80001571,C00479824,"TRUMP, DONALD J.",KEEP LIVINGSTON GREAT
P80001571,C00479824,2020,1967.67,1,S,P80001571,C00479824,"TRUMP, DONALD J.",KEEP LIVINGSTON GREAT
P80001571,C00483693,2020,960905.85,344,O,P80001571,C00483693,"TRUMP, DONALD J.",SIERRA CLUB INDEPENDENT ACTION
P80001571,C00484642,2020,11385.04,2,O,P80001571,C00484642,"TRUMP, DONALD J.",SMP
P80001571,C00486845,2020,10037610.75,175,O,P80001571,C00486845,"TRUMP, DONALD J.",LCV VICTORY FUND
P80001571,C00487363,2020,2530000.00,45,S,P80001571,C00487363,"TRUMP, DONALD J.",AMERICAN CROSSROADS
P80001571,C00487470,2020,150.98,1,O,P80001571,C00487470,"TRUMP, DONALD J.",CLUB FOR GROWTH ACTION
P80001571,C00487470,2020,1424279.91,55,S,P80001571,C00487470,"TRUMP, DONALD J.",CLUB FOR GROWTH ACTION
P80001571,C00488403,2020,1795.35,12,S,P80001571,C00488403,"TRUMP, DONALD J.",TEXAS PATRIOTS PAC
P80001571,C00489799,2020,2099621.02,225,O,P80001571,C00489799,"TRUMP, DONALD J.",PLANNED PARENTHOOD VOTES
P80001571,C00489815,2020,63923.00,1,O,P80001571,C00489815,"TRUMP, DONALD J.",NEA ADVOCACY FUND
P80001571,C00492140,2020,51150312.79,106,O,P80001571,C00492140,"TRUMP, DONALD J.",AB PAC
P80001571,C00492520,2020,27722.35,1,O,P80001571,C00492520,"TRUMP, DONALD J.",AMERICA VOTES ACTION FUND
P80001571,C00495010,2020,644.69,6,S,P80001571,C00495010,"TRUMP, DONALD J.",CONSERVATIVE CAMPAIGN COMMITTEE
P80001571,C00495028,2020,1463339.55,17,O,P80001571,C00495028,"TRUMP, DONALD J.",HOUSE MAJORITY PAC
P80001571,C00495861,2020,54922266.57,339,O,P80001571,C00495861,"TRUMP, DONALD J.",PRIORITIES USA ACTION
P80001571,C00495861,2020,168775.21,1,S,P80001571,C00495861,"TRUMP, DONALD J.",PRIORITIES USA ACTION
P80001571,C00499020,2020,101136.04,2,S,P80001571,C00499020,"TRUMP, DONALD J.",FREEDOMWORKS FOR AMERICA
P80001571,C00499863,2020,7402.00,3,S,P80001571,C00499863,"TRUMP, DONALD J.",LEADERSHIP CONNECTICUT PAC
P80001571,C00505792,2020,460000.00,4,S,P80001571,C00505792,"TRUMP, DONALD J.",AMERICAN CONSERVATIVE UNION SUPER PAC
P80001571,C00508440,2020,660261.83,19,O,P80001571,C00508440,"TRUMP, DONALD J.",HUMAN RIGHTS CAMPAIGN EQUALITY VOTES
P80001571,C00509463,2020,65673.11,57,O,P80001571,C00509463,"TRUMP, DONALD J.",PROTECTING OUR VOTE PAC
P80001571,C00509893,2020,1279898.44,18,S,P80001571,C00509893,"TRUMP, DONALD J.",NATIONAL RIGHT TO LIFE VICTORY FUND
P80001571,C00512335,2020,13794.71,40,S,P80001571,C00512335,"TRUMP, DONALD J.",MIDDLE RESOLUTION FEDERAL PAC INC
P80001571,C00523621,2020,132585.36,10,O,P80001571,C00523621,"TRUMP, DONALD J.",UNITED WE CAN
P80001571,C00524454,2020,189402.99,31,S,P80001571,C00524454,"TRUMP, DONALD J.",CONSERVATIVE MAJORITY FUND
P80001571,C00526673,2020,238355.94,11,O,P80001571,C00526673,"TRUMP, DONALD J.",FAIR SHARE ACTION
P80001571,C00527226,2020,6840.77,4,O,P80001571,C00527226,"TRUMP, DONALD J.",WE VOTE - NOSOTROS VOTAMOS - PPAMM COMMITTEE
P80001571,C00528455,2020,6010.80,1,O,P80001571,C00528455,"TRUMP, DONALD J.",INTERNATIONAL ALLIANCE OF THEATRICAL STAGE EMPLOYEES FEDERAL SPEECH PAC
P80001571,C00528554,2020,1019192.16,10,S,P80001571,C00528554,"TRUMP, DONALD J.",RJC VICTORY FUND
P80001571,C00528893,2020,54461.04,3,S,P80001571,C00528893,"TRUMP, DONALD J.",STANDING FOR WISCONSIN FAMILIES
P80001571,C00528950,2020,100000.00,2,O,P80001571,C00528950,"TRUMP, DONALD J.",BLACK MEN VOTE
P80001571,C00530766,2020,2538761.12,53,S,P80001571,C00530766,"TRUMP, DONALD J.",WOMEN SPEAK OUT PAC
P80001571,C00532630,2020,2090000.00,5,S,P80001571,C00532630,"TRUMP, DONALD J.",OUR AMERICAN CENTURY
P80001571,C00532705,2020,2242045.39,66,O,P80001571,C00532705,"TRUMP, DONALD J.",INDEPENDENCE USA PAC
P80001571,C00540898,2020,1017922.22,18,S,P80001571,C00540898,"TRUMP, DONALD J.",TEA PARTY PATRIOTS CITIZENS FUND
P80001571,C00541433,2020,1245.00,1,S,P80001571,C00541433,"TRUMP, DONALD J.",HUNTER ACTION FUND (HAF)
P80001571,C00544387,2020,13100.00,2,S,P80001571,C00544387,"TRUMP, DONALD J.",AMERICAN PRINCIPLES PROJECT PAC
P80001571,C00544767,2020,13977787.95,657,S,P80001571,C00544767,"TRUMP, DONALD J.",THE COMMITTEE TO DEFEND THE PRESIDENT
P80001571,C00547349,2020,548000.00,3,O,P80001571,C00547349,"TRUMP, DONALD J.",NEXTGEN CLIMATE ACTION COMMITTEE
P80001571,C00550566,2020,200107.12,10,O,P80001571,C00550566,"TRUMP, DONALD J.",CIVIC INNOVATION USA INC
P80001571,C00552851,2020,135270.06,2,S,P80001571,C00552851,"TRUMP, DONALD J.",HOUSE FREEDOM FUND
P80001571,C00553560,2020,15318.37,5,S,P80001571,C00553560,"TRUMP, DONALD J.",VIGOP (VIRGIN ISLANDS REPUBLICAN PARTY)
P80001571,C00556274,2020,3789.70,2,O,P80001571,C00556274,"TRUMP, DONALD J.",USW WORKS
P80001571,C00559906,2020,287240.00,5,S,P80001571,C00559906,"TRUMP, DONALD J.",AMERICAS PAC
P80001571,C00562777,2020,7956.93,1,O,P80001571,C00562777,"TRUMP, DONALD J.",LATINO VICTORY FUND
P80001571,C00564013,2020,3869332.89,11,O,P80001571,C00564013,"TRUMP, DONALD J.",ALLIANCE FOR A BETTER MINNESOTA FEDERAL PAC
P80001571,C00564690,2020,5309.99,3,O,P80001571,C00564690,"TRUMP, DONALD J.",CAPA21- FEDERAL
P80001571,C00566059,2020,10357.00,3,O,P80001571,C00566059,"TRUMP, DONALD J.",REMEDY POLITICAL ACTION COMMITTEE
P80001571,C00566174,2020,381215.16,32,S,P80001571,C00566174,"TRUMP, DONALD J.",TEA PARTY MAJORITY FUND
P80001571,C00566257,2020,54.40,3,O,P80001571,,"TRUMP, DONALD J.",
P80001571,C00568931,2020,294564.13,6,O,P80001571,C00568931,"TRUMP, DONALD J.",MI PLANNED PARENTHOOD VOTES
P80001571,C00571588,2020,806794.95,11,S,P80001571,C00571588,"TRUMP, DONALD J.",RESTORATION PAC
P80001571,C00572792,2020,35000.00,2,S,P80001571,C00572792,"TRUMP, DONALD J.",VICTORY FUND
P80001571,C00573261,2020,59067.20,19,O,P80001571,C00573261,"TRUMP, DONALD J.",END CITIZENS UNITED
P80001571,C00574178,2020,27505.95,86,S,P80001571,C00574178,"TRUMP, DONALD J.",RIGHT TO LIFE OF MICHIGAN VICTORY FUND
P80001571,C00574533,2020,1681745.55,7,S,P80001571,C00574533,"TRUMP, DONALD J.",FUTURE45
P80001571,C00574749,2020,119931.00,6,S,P80001571,C00574749,"TRUMP, DONALD J.",CONSERVATIVES FOR EFFECTIVE GOVERNMENT
P80001571,C00575845,2020,10278.78,3,O,P80001571,C00575845,"TRUMP, DONALD J.",FREETHOUGHT EQUALITY SUPER PAC
P80001571,C00587022,2020,11441.44,1,S,P80001571,C00587022,"TRUMP, DONALD J.",COURAGEOUS CONSERVATIVES PAC
P80001571,C00602813,2020,2220.00,1,S,P80001571,C00602813,"TRUMP, DONALD J.",SAVE THE AMERICAN WAY
P80001571,C00607374,2020,482107.66,24,S,P80001571,C00607374,"TRUMP, DONALD J.",ELBERT GUILLORY'S AMERICA
P80001571,C00608380,2020,8974.18,1,O,P80001571,C00608380,"TRUMP, DONALD J.",GRASSROOTS VICTORY PAC
P80001571,C00608489,2020,13841286.33,790,S,P80001571,C00608489,"TRUMP, DONALD J.",GREAT AMERICA PAC
P80001571,C00609388,2020,1909489.57,45,O,P80001571,C00609388,"TRUMP, DONALD J.",BLACK PAC
P80001571,C00611202,2020,14497.89,17,S,P80001571,C00611202,"TRUMP, DONALD J.",FREEDOM FOR ALL PAC
P80001571,C00615815,2020,6000.00,1,O,P80001571,,"TRUMP, DONALD J.",
P80001571,C00620971,2020,1309464.34,253,O,P80001571,C00620971,"TRUMP, DONALD J.",FOR OUR FUTURE
P80001571,C00621755,2020,1542.40,2,S,P80001571,C00621755,"TRUMP, DONALD J.",PEOPLE AND POLITICS
P80001571,C00623413,2020,886488.00,10,O,P80001571,C00623413,"TRUMP, DONALD J.",HARD HATS FOR AMERICA
P80001571,C00623421,2020,224500.00,11,S,P80001571,C00623421,"TRUMP, DONALD J.",AMERICAN LIBERTY FUND
P80001571,C00623595,2020,1425.00,1,O,P80001571,C00623595,"TRUMP, DONALD J.",PA COMMON SENSE
P80001571,C00624718,2020,202000.00,4,O,P80001571,C00624718,"TRUMP, DONALD J.",ONE NATION UNITED
P80001571,C00624718,2020,22000.00,1,S,P80001571,C00624718,"TRUMP, DONALD J.",ONE NATION UNITED
P80001571,C00625566,2020,60352.96,15,S,P80001571,C00625566,"TRUMP, DONALD J.",VALOR AMERICA
P80001571,C00626234,2020,4540.51,16,S,P80001571,,"TRUMP, DONALD J.",
P80001571,C00626689,2020,4950.00,1,S,P80001571,C00626689,"TRUMP, DONALD J.",JEWISH FLORIDIANS FOR AMERICA'S FUTURE
P80001571,C00626697,2020,19825.87,4,O,P80001571,,"TRUMP, DONALD J.",
P80001571,C00627141,2020,9800.00,6,O,P80001571,C00627141,"TRUMP, DONALD J.",UNITED FOR PROGRESS PAC
P80001571,C00627240,2020,181834.36,3,O,P80001571,C00627240,"TRUMP, DONALD J.",WORKING MICHIGAN (SUPERPAC)
P80001571,C00627240,2020,21000.00,1,S,P80001571,C00627240,"TRUMP, DONALD J.",WORKING MICHIGAN (SUPERPAC)
P80001571,C00627372,2020,1170625.29,118,O,P80001571,C00627372,"TRUMP, DONALD J.",UNITE HERE PAC
P80001571,C00629147,2020,24500.00,3,S,P80001571,C00629147,"TRUMP, DONALD J.",CAL FREEDOM PAC
P80001571,C00629154,2020,1789.82,6,O,P80001571,C00629154,"TRUMP, DONALD J.",RESURGENT LEFT
P80001571,C00629477,2020,245.03,1,O,P80001571,C00629477,"TRUMP, DONALD J.",ULTRAVIOLET PAC
P80001571,C00629592,2020,20000.00,2,S,P80001571,C00629592,"TRUMP, DONALD J.","OUR FUTURE IN AMERICA, INC."
P80001571,C00631317,2020,3033.00,4,O,P80001571,C00631317,"TRUMP, DONALD J.",BLUE RISING
P80001571,C00631903,2020,285000.00,3,O,P80001571,C00631903,"TRUMP, DONALD J.",PA VALUES
P80001571,C00632398,2020,34174.01,5,O,P80001571,C00632398,"TRUMP, DONALD J.",LET AMERICA VOTE PAC
P80001571,C00632562,2020,39787.81,3,O,P80001571,C00632562,"TRUMP, DONALD J.",INTEGRITY FIRST PAC
P80001571,C00634717,2020,18964.29,42,S,P80001571,C00634717,"TRUMP, DONALD J.",CONSERVATIVE TRIUMPH FUND
P80001571,C00635243,2020,119669.79,16,S,P80001571,C00635243,"TRUMP, DONALD J.",STARS AND STRIPES FOREVER PAC
P80001571,C00636027,2020,5929904.51,14,O,P80001571,C00636027,"TRUMP, DONALD J.",TECH FOR CAMPAIGNS
P80001571,C00637512,2020,45000.00,1,S,P80001571,C00637512,"TRUMP, DONALD J.","AMERICA FIRST ACTION, INC."
P80001571,C00637645,2020,10709.64,3,O,P80001571,C00637645,"TRUMP, DONALD J.",TAKING ACTION FOR SUFFOLK COUNTY
P80001571,C00638379,2020,9902.20,67,O,P80001571,C00638379,"TRUMP, DONALD J.",LOYAL OPPOSITION; THE
P80001571,C00638379,2020,140.00,2,,P80001571,C00638379,"TRUMP, DONALD J.",LOYAL OPPOSITION; THE
P80001571,C00646877,2020,9076012.60,120,O,P80001571,C00646877,"TRUMP, DONALD J.",PACRONYM
P80001571,C00648717,2020,87562.00,2,S,P80001571,C00648717,"TRUMP, DONALD J.",SWAMP DRAINERS FOUNDATION
P80001571,C00648808,2020,92661.37,27,O,P80001571,C00648808,"TRUMP, DONALD J.",VETERANS FOR RESPONSIBLE LEADERSHIP
P80001571,C00648899,2020,749.00,1,S,P80001571,C00648899,"TRUMP, DONALD J.",AMERICA'S CONSTITUTION PAC
P80001571,C00651778,2020,21402.00,4,S,P80001571,,"TRUMP, DONALD J.",
P80001571,C00653030,2020,4388.82,3,S,P80001571,C00653030,"TRUMP, DONALD J.",POLICE ACTION FUND
P80001571,C00653386,2020,100000.00,1,S,P80001571,C00653386,"TRUMP, DONALD J.",US VETERANS ASSISTANCE FOUNDATION
P80001571,C00654814,2020,5185.00,4,S,P80001571,C00654814,"TRUMP, DONALD J.","PATRIOTS, LIBERTY, AND PROSPERITY PAC"
P80001571,C00655886,2020,2084.06,1,S,P80001571,C00655886,"TRUMP, DONALD J.",KEEP TEXAS RED
P80001571,C00658708,2020,2635.62,7,S,P80001571,C00658708,"TRUMP, DONALD J.",VERITAS TRUTH IS FREEDOM
P80001571,C00662072,2020,61239.85,8,S,P80001571,C00662072,"TRUMP, DONALD J.",DRAIN THE DC SWAMP PAC
P80001571,C00662148,2020,30300.40,3,S,P80001571,C00662148,"TRUMP, DONALD J.",BIKERS FOR THE PRESIDENT PAC
P80001571,C00663211,2020,296476.24,119,O,P80001571,C00663211,"TRUMP, DONALD J.",MAD DOG PAC
P80001571,C00667790,2020,50000.00,1,S,P80001571,C00667790,"TRUMP, DONALD J.",FIREFIGHTERS ALLIANCE OF AMERICA LLC
P80001571,C00667865,2020,180000.00,2,S,P80001571,C00667865,"TRUMP, DONALD J.",POLICE OFFICERS DEFENSE ALLIANCE LLC
P80001571,C00668517,2020,741350.18,64,S,P80001571,C00668517,"TRUMP, DONALD J.",BLACK AMERICANS TO RE-ELECT THE PRESIDENT
P80001571,C00669259,2020,54420035.57,164,O,P80001571,C00669259,"TRUMP, DONALD J.",FF PAC
P80001571,C00669960,2020,20672.00,16,O,P80001571,C00669960,"TRUMP, DONALD J.",WHEN DEMOCRATS TURN OUT PAC
P80001571,C00672394,2020,16666.67,1,O,P80001571,C00672394,"TRUMP, DONALD J.",WIN JUSTICE
P80001571,C00672576,2020,250000.00,1,O,P80001571,C00672576,"TRUMP, DONALD J.",BLACK ECONOMIC ALLIANCE PAC
P80001571,C00674697,2020,654130.84,89,O,P80001571,C00674697,"TRUMP, DONALD J.",SUNRISE PAC
P80001571,C00678839,2020,145279.97,41,O,P80001571,C00678839,"TRUMP, DONALD J.",INDIVISIBLE ACTION
P80001571,C00681403,2020,26.35,1,S,P80001571,C00681403,"TRUMP, DONALD J.",RURAL AND RED POLITICAL ACTION COMMITTEE
P80001571,C00681825,2020,374678.04,18,S,P80001571,C00681825,"TRUMP, DONALD J.",LAW ENFORCEMENT FOR A SAFER AMERICA PAC
P80001571,C00682203,2020,957.10,11,O,P80001571,C00682203,"TRUMP, DONALD J.",THE REALLY ONLINE LEFTY LEAGUE
P80001571,C00682815,2020,19586.00,4,O,P80001571,C00682815,"TRUMP, DONALD J.",SUPERFANNYPAC
P80001571,C00683599,2020,4782305.52,70,O,P80001571,C00683599,"TRUMP, DONALD J.",CHANGE NOW
P80001571,C00683896,2020,210500.00,13,S,P80001571,C00683896,"TRUMP, DONALD J.",AMERICA FIGHTING BACK PAC
P80001571,C00684530,2020,67805.52,17,O,P80001571,C00684530,"TRUMP, DONALD J.",PLANNED PARENTHOOD OF MINNESOTA POLITICAL ACTION FUND
P80001571,C00684555,2020,9000.00,9,O,P80001571,C00684555,"TRUMP, DONALD J.",REGULAR PEOPLE
P80001571,C00684969,2020,166360.85,10,O,P80001571,C00684969,"TRUMP, DONALD J.",JDCA PAC
P80001571,C00685628,2020,447.55,3,O,P80001571,C00685628,"TRUMP, DONALD J.",VOTE TRIPLING PAC
P80001571,C00685693,2020,12942.73,7,O,P80001571,C00685693,"TRUMP, DONALD J.",CASA IN ACTION PAC
P80001571,C00685768,2020,121595.58,4,O,P80001571,C00685768,"TRUMP, DONALD J.",OUR FUTURE IS BLACK PAC
P80001571,C00685859,2020,4648.66,64,O,P80001571,C00685859,"TRUMP, DONALD J.",IXNAY PAC
P80001571,C00686832,2020,23650.01,12,O,P80001571,C00686832,"TRUMP, DONALD J.",WAY TO LEAD PAC
P80001571,C00687012,2020,3000.00,1,S,P80001571,C00687012,"TRUMP, DONALD J.",SECURITY IN AMERICA PAC
P80001571,C00688069,2020,373034.67,28,S,P80001571,C00688069,"TRUMP, DONALD J.",SUPPORT AMERICAN LEADERS PAC
P80001571,C00688655,2020,5280147.92,28,O,P80001571,C00688655,"TRUMP, DONALD J.",EVERYTOWN FOR GUN SAFETY VICTORY FUND (EVERYTOWN VICTORY FUND)
P80001571,C00689356,2020,5000.00,3,S,P80001571,C00689356,"TRUMP, DONALD J.",KEEPING AMERICA GREAT PAC
P80001571,C00690420,2020,224.99,17,O,P80001571,C00690420,"TRUMP, DONALD J.",MAKING US GREAT AGAIN
P80001571,C00690867,2020,14891.32,1,O,P80001571,C00690867,"TRUMP, DONALD J.",LEFT OF CENTER PAC
P80001571,C00692129,2020,532000.00,328,S,P80001571,C00692129,"TRUMP, DONALD J.",TEA PARTY PAC
P80001571,C00692327,2020,315960.00,1,S,P80001571,C00692327,"TRUMP, DONALD J.",LETS GET TO WORK PAC
P80001571,C00692467,2020,20000.00,2,S,P80001571,C00692467,"TRUMP, DONALD J.",FOUR MORE YEARS PAC
P80001571,C00695528,2020,458820.90,2,O,P80001571,C00695528,"TRUMP, DONALD J.",AMERICA'S FUTURE MAJORITY FUND
P80001571,C00697862,2020,32860.29,12,S,P80001571,C00697862,"TRUMP, DONALD J.",CAMPAIGN TO SUPPORT THE PRESIDENT
P80001571,C00698019,2020,602.07,6,S,P80001571,C00698019,"TRUMP, DONALD J.",CITIZENS FOR AN UNDIVIDED AMERICA
P80001571,C00699603,2020,325.00,1,S,P80001571,C00699603,"TRUMP, DONALD J.",OHIO STRONG ACTION
P80001571,C00701888,2020,1392963.81,7,O,P80001571,C00701888,"TRUMP, DONALD J.",UNITE THE COUNTRY
P80001571,C00703082,2020,570489.90,57,O,P80001571,C00703082,"TRUMP, DONALD J.",ARTISTS UNITED FOR CHANGE
P80001571,C00703082,2020,1101.31,1,S,P80001571,C00703082,"TRUMP, DONALD J.",ARTISTS UNITED FOR CHANGE
P80001571,C00707844,2020,2661598.92,10,O,P80001571,C00707844,"TRUMP, DONALD J.",EDF ACTION VOTES
P80001571,C00709691,2020,27975.30,3,S,P80001571,C00709691,"TRUMP, DONALD J.","NEW JOURNEY PAC, INC."
P80001571,C00710178,2020,167283.04,6,S,P80001571,C00710178,"TRUMP, DONALD J.",HONORING AMERICAN LAW ENFORCEMENT PAC (AKA HALE PAC)
P80001571,C00711861,2020,10544.00,4,O,P80001571,C00711861,"TRUMP, DONALD J.",BPOLITICAL PAC
P80001571,C00718353,2020,5330.00,2,O,P80001571,C00718353,"TRUMP, DONALD J.",MILLIONS OF MICHIGANIANS
P80001571,C00720029,2020,14477.55,13,O,P80001571,C00720029,"TRUMP, DONALD J.",EVERYDAY PEOPLE
P80001571,C00720227,2020,9848.39,10,S,P80001571,C00720227,"TRUMP, DONALD J.",AMERICA FIRST VICTORY FUND
P80001571,C00720540,2020,73600.00,1,S,P80001571,C00720540,"TRUMP, DONALD J.",STAND AMERICA PAC
P80001571,C00721688,2020,161797.36,45,O,P80001571,C00721688,"TRUMP, DONALD J.",FLORIDA HOMEOWNERS PROTECTION POLITICAL ACTION COMMITTEE
P80001571,C00721886,2020,58947.20,6,O,P80001571,C00721886,"TRUMP, DONALD J.",HOMETOWN VALUES PAC
P80001571,C00723098,2020,833683.99,15,O,P80001571,C00723098,"TRUMP, DONALD J.",SUPERMAJORITY PAC
P80001571,C00723148,2020,95153.53,105,O,P80001571,C00723148,"TRUMP, DONALD J.",VISUAL DISOBEDIENCE CAMPAIGN COMMITTEE
P80001571,C00724203,2020,187807.17,15,O,P80001571,C00724203,"TRUMP, DONALD J.",SOMOS PAC
P80001571,C00724559,2020,49344.93,2,O,P80001571,C00724559,"TRUMP, DONALD J.",RED WINE AND BLUE PAC
P80001571,C00725820,2020,33837162.38,260,O,P80001571,C00725820,"TRUMP, DONALD J.",THE LINCOLN PROJECT
P80001571,C00725820,2020,17792.00,1,S,P80001571,C00725820,"TRUMP, DONALD J.",THE LINCOLN PROJECT
P80001571,C00727008,2020,36977.77,59,O,P80001571,C00727008,"TRUMP, DONALD J.",REBELLION PAC
P80001571,C00727230,2020,495000.00,1,S,P80001571,C00727230,"TRUMP, DONALD J.",TAKE BACK THE WEST PAC
P80001571,C00727602,2020,3000.00,1,S,P80001571,C00727602,"TRUMP, DONALD J.",MAKING CONGRESS GREAT AGAIN
P80001571,C00728253,2020,222.31,4,O,P80001571,C00728253,"TRUMP, DONALD J.",SWING STATE PAC
P80001571,C00728352,2020,36391.90,20,O,P80001571,C00728352,"TRUMP, DONALD J.",DREAM DEFENDERS FIGHT PAC
P80001571,C00728642,2020,65.89,11,O,P80001571,C00728642,"TRUMP, DONALD J.",ONE CHANCE INITIATIVE
P80001571,C00733899,2020,50000.00,2,S,P80001571,C00733899,"TRUMP, DONALD J.",PATRIOTS PAC OF AMERICA
P80001571,C00733972,2020,10000.00,1,S,P80001571,C00733972,"TRUMP, DONALD J.",CHRISTIANS FOR THE PRESIDENT
P80001571,C00734616,2020,8286.59,8,O,P80001571,C00734616,"TRUMP, DONALD J.",RED WHITE AND DEFINITELY BLUE
P80001571,C00734723,2020,224.28,3,S,P80001571,C00734723,"TRUMP, DONALD J.",PATRIOT DEFENDERS OF AMERICA
P80001571,C00735100,2020,20000.00,3,O,P80001571,C00735100,"TRUMP, DONALD J.",E PLURIBUS UNUM PAC
P80001571,C00736009,2020,135666.97,5,O,P80001571,C00736009,"TRUMP, DONALD J.",POPULAR DEMOCRACY PAC
P80001571,C00736637,2020,1136290.78,72,O,P80001571,C00736637,"TRUMP, DONALD J.",COMMITTEE TO PROTECT MEDICARE PAC
P80001571,C00738039,2020,434046.59,110,O,P80001571,C00738039,"TRUMP, DONALD J.",MIJENTE PAC
P80001571,C00738674,2020,262000.00,3,O,P80001571,C00738674,"TRUMP, DONALD J.",NARAL FREEDOM FUND
P80001571,C00739151,2020,819500.00,6,S,P80001571,C00739151,"TRUMP, DONALD J.",PATRIOTS OF AMERICA PAC
P80001571,C00739524,2020,2293.91,1,S,P80001571,C00739524,"TRUMP, DONALD J.",LIBERTY LEADERSHIP FUND
P80001571,C00740126,2020,15000.00,1,O,P80001571,C00740126,"TRUMP, DONALD J.",UNITEDEMOCRATS PAC
P80001571,C00740514,2020,1362.97,2,S,P80001571,C00740514,"TRUMP, DONALD J.",CONCERNED CITIZEN
P80001571,C00742064,2020,1886.18,15,O,P80001571,C00742064,"TRUMP, DONALD J.",CALL TO ACTION PAC
P80001571,C00742775,2020,153873.73,35,O,P80001571,C00742775,"TRUMP, DONALD J.",VOTE VALUES
P80001571,C00742932,2020,16486.00,2,O,P80001571,C00742932,"TRUMP, DONALD J.",WIN THE WEST
P80001571,C00743427,2020,780337.64,43,O,P80001571,C00743427,"TRUMP, DONALD J.",STOP 45 PAC
P80001571,C00743989,2020,29790.08,6,S,P80001571,C00743989,"TRUMP, DONALD J.","GOD, GUNS, LIFE PAC"
P80001571,C00744185,2020,2646093.47,18,O,P80001571,C00744185,"TRUMP, DONALD J.",NUESTRO PAC
P80001571,C00744185,2020,50000.00,1,S,P80001571,C00744185,"TRUMP, DONALD J.",NUESTRO PAC
P80001571,C00744789,2020,320543.25,6,O,P80001571,C00744789,"TRUMP, DONALD J.",AMERICA'S PROGRESSIVE PROMISE PAC
P80001571,C00744920,2020,31349.63,1,O,P80001571,C00744920,"TRUMP, DONALD J.",FAMILY FRIENDLY ACTION PAC
P80001571,C00744961,2020,30000.00,1,S,P80001571,C00744961,"TRUMP, DONALD J.",KEEP AMERICA FIRST PAC
P80001571,C00745265,2020,15170.26,4,S,P80001571,C00745265,"TRUMP, DONALD J.",MICHIGAN CHINESE CONSERVATIVE ALLIANCE
P80001571,C00745521,2020,6590.22,3,S,P80001571,C00745521,"TRUMP, DONALD J.",RIGHT FOR NEW YORK
P80001571,C00745745,2020,1146765.95,33,O,P80001571,C00745745,"TRUMP, DONALD J.",UNION 2020
P80001571,C00745745,2020,2500.00,1,S,P80001571,C00745745,"TRUMP, DONALD J.",UNION 2020
P80001571,C00746073,2020,1018717.00,39,O,P80001571,C00746073,"TRUMP, DONALD J.",MEIDASTOUCH
P80001571,C00746107,2020,213023.45,12,O,P80001571,C00746107,"TRUMP, DONALD J.",PROGRESSNOW AZ - FEDERAL
P80001571,C00747097,2020,535168.77,13,O,P80001571,C00747097,"TRUMP, DONALD J.",JUST THE TRUTH POLITICAL ACTION COMMITTEE
P80001571,C00748038,2020,243.61,2,O,P80001571,C00748038,"TRUMP, DONALD J.",SAD REALITY ACCEPTANCE COMMITTEE
P80001571,C00748061,2020,24000.00,29,O,P80001571,C00748061,"TRUMP, DONALD J.",AMERICA'S FUTURE FIRST
P80001571,C00748145,2020,1028.62,15,O,P80001571,C00748145,"TRUMP, DONALD J.",WITH THE VOTE
P80001571,C00748301,2020,45950.65,4,O,P80001571,C00748301,"TRUMP, DONALD J.",BLOC PAC
P80001571,C00748582,2020,408117.17,110,O,P80001571,C00748582,"TRUMP, DONALD J.",REALLY AMERICAN PAC
P80001571,C00748798,2020,763321.24,13,O,P80001571,C00748798,"TRUMP, DONALD J.",CENTER FOR ESSENTIAL INFORMATION
P80001571,C00749143,2020,1200000.00,12,O,P80001571,C00749143,"TRUMP, DONALD J.",DEFEAT BY TWEET
P80001571,C00749317,2020,42.17,2,S,P80001571,C00749317,"TRUMP, DONALD J.",MIDLAND COUNTY REPUBLICAN COMMITTEE 2020
P80001571,C00749358,2020,8865.00,6,O,P80001571,C00749358,"TRUMP, DONALD J.",DON'T LOOK AWAY INC
P80001571,C00749671,2020,38992.04,5,S,P80001571,C00749671,"TRUMP, DONALD J.",CITIZENS FOR FREE ENTERPRISE
P80001571,C00749952,2020,265.84,7,O,P80001571,C00749952,"TRUMP, DONALD J.",BEST DAYS AHEAD
P80001571,C00750224,2020,17262.55,35,S,P80001571,C00750224,"TRUMP, DONALD J.",CONCERNED AMERICANS FOR AMERICA
P80001571,C00750497,2020,36723.00,13,O,P80001571,C00750497,"TRUMP, DONALD J.",NEW AMERICAN VOICES
P80001571,C00751420,2020,3290484.29,34,O,P80001571,C00751420,"TRUMP, DONALD J.",REPUBLICAN VOTERS AGAINST TRUMP INC
P80001571,C00752576,2020,23376.83,3,O,P80001571,C00752576,"TRUMP, DONALD J.",OUR VOICE OUR VOTE ARIZONA PAC
P80001571,C00752691,2020,1004649.27,34,O,P80001571,C00752691,"TRUMP, DONALD J.",ONE FOR ALL COMMITTEE
P80001571,C00752808,2020,39650.00,9,O,P80001571,C00752808,"TRUMP, DONALD J.",ELEVENTHREE
P80001571,C00752808,2020,7571.14,2,S,P80001571,C00752808,"TRUMP, DONALD J.",ELEVENTHREE
P80001571,C00753046,2020,3459.06,10,S,P80001571,C00753046,"TRUMP, DONALD J.",REPUBLICAN VOTERS OF TEXAS-PAC
P80001571,C00753251,2020,14500.00,4,S,P80001571,C00753251,"TRUMP, DONALD J.",SAVE AMERICA PAC
P80001571,C00753277,2020,251936.00,6,O,P80001571,C00753277,"TRUMP, DONALD J.",BLACK VOTERS MATTER ACTION PAC
P80001571,C00753293,2020,77667.50,8,O,P80001571,C00753293,"TRUMP, DONALD J.",BLUE TEXAS PAC
P80001571,C00753640,2020,103993.40,1,O,P80001571,C00753640,"TRUMP, DONALD J.",MICHIGAN ACTION - FEDERAL ACCOUNT
P80001571,C00753673,2020,6645.50,4,S,P80001571,C00753673,"TRUMP, DONALD J.",AMERICAN VETERANS FOR THE HOME FRONT
P80001571,C00753814,2020,705.14,4,O,P80001571,C00753814,"TRUMP, DONALD J.",MEME PAC
P80001571,C00754051,2020,3537666.14,48,O,P80001571,C00754051,"TRUMP, DONALD J.",TAKE BACK 2020
P80001571,C00754218,2020,9236.50,15,S,P80001571,C00754218,"TRUMP, DONALD J.",TEXAS ALLIANCE FOR LIFE FED PAC
P80001571,C00754549,2020,9668.00,5,S,P80001571,C00754549,"TRUMP, DONALD J.",VAL PAC -- FEDERAL INC.
P80001571,C00754671,2020,525390.48,350,O,P80001571,C00754671,"TRUMP, DONALD J.",UNITED WE DREAM ACTION PAC
P80001571,C00755116,2020,5159.00,1,O,P80001571,C00755116,"TRUMP, DONALD J.",ARTISTS FOR A MORE PEACEFUL AMERICA
P80001571,C00755132,2020,172364.67,10,O,P80001571,C00755132,"TRUMP, DONALD J.",RECLAIM OUR PARTY
P80001571,C00755793,2020,1000.00,1,S,P80001571,C00755793,"TRUMP, DONALD J.",OUR AMERICA
P80001571,C00756031,2020,36.40,1,O,P80001571,C00756031,"TRUMP, DONALD J.",OUR PRESIDENT
P80001571,C00756254,2020,246396.81,45,S,P80001571,C00756254,"TRUMP, DONALD J.",JEWSCHOOSE4MOREYEARS
P80001571,C00756270,2020,42852.92,2,S,P80001571,C00756270,"TRUMP, DONALD J.",COMMITTEE TO RE-ELECT THE PRESIDENT
P80001571,C00756635,2020,34700.00,4,O,P80001571,C00756635,"TRUMP, DONALD J.",AMERICANS FOR DECENCY AND DEMOCRACY
P80001571,C00756643,2020,20650.00,2,S,P80001571,C00756643,"TRUMP, DONALD J.",HEROES PAC INC.
P80001571,C00756858,2020,17146.75,3,S,P80001571,C00756858,"TRUMP, DONALD J.",KEEP FL GREAT PAC
P80001571,C00756940,2020,379277.94,7,O,P80001571,C00756940,"TRUMP, DONALD J.",TEXAS ORGANIZING PROJECT POLITICAL ACTION COMMITTEE
P80001571,C00756965,2020,2944.38,2,O,P80001571,C00756965,"TRUMP, DONALD J.",THE DEMOCRATIC SENATE ACTION COMMITTEE
P80001571,C00756973,2020,104632.00,5,O,P80001571,C00756973,"TRUMP, DONALD J.",E PLURIBUS PAC
P80001571,C00757005,2020,46086.65,3,O,P80001571,C00757005,"TRUMP, DONALD J.",CHAMPIONING AMERICA AT HER BEST
P80001571,C00757096,2020,266.00,2,O,P80001571,C00757096,"TRUMP, DONALD J.",TJD
P80001571,C00757138,2020,16500.00,1,S,P80001571,C00757138,"TRUMP, DONALD J.",CHINESE AMERICAN PATRIOTS
P80001571,C00757427,2020,2368.50,2,S,P80001571,C00757427,"TRUMP, DONALD J.","SG PAC, INC."
P80001571,C00757500,2020,4861.69,8,O,P80001571,C00757500,"TRUMP, DONALD J.",ERNIE AND DEBBIE
P80001571,C00757666,2020,34672.90,12,O,P80001571,C00757666,"TRUMP, DONALD J.",WIN AMERICA BACK PAC
P80001571,C00757740,2020,20150.00,4,S,P80001571,C00757740,"TRUMP, DONALD J.",BAY COUNTY REPUBLICAN PARTY COMMITTEE
P80001571,C00757997,2020,4500.00,2,O,P80001571,C00757997,"TRUMP, DONALD J.",COMMITTEE FOR COMMON SENSE VOTES IN PA
P80001571,C00758086,2020,54436.13,18,O,P80001571,C00758086,"TRUMP, DONALD J.",UNITED AGAINST WHITE SUPREMACY
P80001571,C00758102,2020,556.28,1,O,P80001571,C00758102,"TRUMP, DONALD J.",MOVE AHEAD USA
P80001571,C00758292,2020,8200.00,3,S,P80001571,C00758292,"TRUMP, DONALD J.","PATRIOTIC LEGAL IMMIGRANTS USA, INC."
P80001571,C00758441,2020,18534.43,33,O,P80001571,C00758441,"TRUMP, DONALD J.",WOMEN FOR A MORE CHRISTIAN AMERICA
P80001571,C00758441,2020,30.00,1,S,P80001571,C00758441,"TRUMP, DONALD J.",WOMEN FOR A MORE CHRISTIAN AMERICA
P80001571,C00758698,2020,9009.16,11,S,P80001571,C00758698,"TRUMP, DONALD J.",CHINESE AMERICAN REPUBLICANS INC
P80001571,C00759142,2020,1735.00,4,S,P80001571,C00759142,"TRUMP, DONALD J.",COMMITTEE FOR DEFENDING AMERICAN VALUES
P80001571,C00759159,2020,14127.56,2,O,P80001571,C00759159,"TRUMP, DONALD J.",THE FUTURE WE NEED
P80001571,C00759449,2020,2426.00,3,S,P80001571,C00759449,"TRUMP, DONALD J.",2034 PAC
P80001571,C00759597,2020,11536.01,18,O,P80001571,C00759597,"TRUMP, DONALD J.",WORKING PEOPLE RISING
P80001571,C00759811,2020,600.00,1,S,P80001571,C00759811,"TRUMP, DONALD J.",RAISE UP
P80001571,C00760116,2020,486178.36,7,O,P80001571,C00760116,"TRUMP, DONALD J.",THE 9
P80001571,C00760488,2020,213046.97,2,O,P80001571,C00760488,"TRUMP, DONALD J.",WOMEN'S MARCH WIN
P80001571,C00760553,2020,28661.56,2,S,P80001571,C00760553,"TRUMP, DONALD J.",SAFE AND SECURE AMERICA PAC
P80001571,C00760678,2020,759625.00,10,O,P80001571,C00760678,"TRUMP, DONALD J.",BLACK VOTE PA
P80001571,C00760702,2020,784.19,1,O,P80001571,C00760702,"TRUMP, DONALD J.",COMMITTEE TO AFFECT CHANGE
P80001571,C00760728,2020,151559.00,13,O,P80001571,C00760728,"TRUMP, DONALD J.",NOT OUR FAITH
P80001571,C00760801,2020,192730.50,4,O,P80001571,C00760801,"TRUMP, DONALD J.",THE TURNOUT PROJECT
P80001571,C00760835,2020,37978.52,2,O,P80001571,C00760835,"TRUMP, DONALD J.",LOSERS AND SUCKERS VOTE
P80001571,C00761205,2020,742.75,12,S,P80001571,C00761205,"TRUMP, DONALD J.",FREEDOM THROUGH TRUTH
P80001571,C00761569,2020,5000.00,1,S,P80001571,C00761569,"TRUMP, DONALD J.",NO TO JOE PAC
P80001571,C90004185,2020,21645.45,2,O,P80001571,C90004185,"TRUMP, DONALD J.",NARAL PRO-CHOICE AMERICA
P80001571,C90010620,2020,92464.77,8,O,P80001571,C90010620,"TRUMP, DONALD J.",VOTEVETS.ORG ACTION FUND
P80001571,C90011156,2020,521245.00,5,O,P80001571,C90011156,"TRUMP, DONALD J.",WORKING AMERICA
P80001571,C90011172,2020,269318.46,5,O,P80001571,C90011172,"TRUMP, DONALD J.",AMERICAN FEDERATION OF STATE COUNTY AND MUNICIPAL EMPLOYEES AFL-CIO
P80001571,C90011438,2020,5790.00,1,O,P80001571,C90011438,"TRUMP, DONALD J.",NEW FLORIDA MAJORITY
P80001571,C90011800,2020,468220.89,16,S,P80001571,C90011800,"TRUMP, DONALD J.",CATHOLICVOTE.ORG
P80001571,C90012071,2020,448370.50,6,O,P80001571,C90012071,"TRUMP, DONALD J.",PEOPLE FOR THE AMERICAN WAY
P80001571,C90013376,2020,569974.61,48,O,P80001571,C90013376,"TRUMP, DONALD J.",UNITE HERE TIP STATE & LOCAL FUND
P80001571,C90013897,2020,114252.15,21,O,P80001571,C90013897,"TRUMP, DONALD J.",IOWA CITIZENS FOR COMMUNITY IMPROVEMENT ACTION FUND
P80001571,C90013947,2020,2213.08,10,S,P80001571,C90013947,"TRUMP, DONALD J.",WISCONSIN FAMILY ACTION INC
P80001571,C90014895,2020,56869.82,4,O,P80001571,C90014895,"TRUMP, DONALD J.",ENVIRONMENTAL DEFENSE ACTION FUND
P80001571,C90015140,2020,292446.17,15,O,P80001571,C90015140,"TRUMP, DONALD J.",AFT SOLIDARITY
P80001571,C90015215,2020,23338.25,2,O,P80001571,C90015215,"TRUMP, DONALD J.",CASA IN ACTION INC.
P80001571,C90015934,2020,85.60,2,S,P80001571,C90015934,"TRUMP, DONALD J.",ROBERT BLAISE TRETTIS
P80001571,C90016023,2020,14693.54,1,O,P80001571,C90016023,"TRUMP, DONALD J.",32BJ UNITED AMERICAN DREAM FUND
P80001571,C90016072,2020,36911.47,7,O,P80001571,C90016072,"TRUMP, DONALD J.",BEND THE ARC JEWISH ACTION INC
P80001571,C90016510,2020,9436.94,6,O,P80001571,C90016510,"TRUMP, DONALD J.",PLANNED PARENTHOOD ADVOCATES OF WISCONSIN POLITICAL FUND
P80001571,C90016833,2020,26800.00,1,O,P80001571,C90016833,"TRUMP, DONALD J.",PEOPLE'S ACTION
P80001571,C90016973,2020,24004.56,17,O,P80001571,C90016973,"TRUMP, DONALD J.","GREENPEACE, INC."
P80001571,C90017039,2020,131681.12,2,O,P80001571,C90017039,"TRUMP, DONALD J.",NEW DIRECTION PAC
P80001571,C90017443,2020,332197.70,58,O,P80001571,C90017443,"TRUMP, DONALD J.",PENNSYLVANIA UNITED
P80001571,C90017492,2020,1264.50,7,O,P80001571,C90017492,"TRUMP, DONALD J.",INDIVISIBLE PROJECT INC.
P80001571,C90017740,2020,91343.79,13,S,P80001571,C90017740,"TRUMP, DONALD J.",FAMILY POLICY ALLIANCE
P80001571,C90017815,2020,11050.00,2,O,P80001571,C90017815,"TRUMP, DONALD J.",ALIANZA FOR PROGRESS INC.
P80001571,C90017898,2020,45636.62,178,O,P80001571,C90017898,"TRUMP, DONALD J.",PROTECT OUR WINTERS ACTION FUND
P80001571,C90017898,2020,841.71,4,S,P80001571,C90017898,"TRUMP, DONALD J.",PROTECT OUR WINTERS ACTION FUND
P80001571,C90017955,2020,12173.16,8,O,P80001571,C90017955,"TRUMP, DONALD J.",SERVICE EMPLOYEES INTERNATIONAL UNION POLITICAL EDUCATION AND ACTION FUND
P80001571,C90017971,2020,155841.73,12,S,P80001571,C90017971,"TRUMP, DONALD J.",WMC JOBS FUND
P80001571,C90017997,2020,4284.13,20,O,P80001571,C90017997,"TRUMP, DONALD J.",BLACK PROGRESSIVE ACTION COALITION
P80001571,C90018045,2020,2896.40,66,O,P80001571,C90018045,"TRUMP, DONALD J.",UNITED WE DREAM ACTION
P80001571,C90018193,2020,28072.43,11,O,P80001571,C90018193,"TRUMP, DONALD J.",PATAGONIA INC.
P80001571,C90018854,2020,108484.00,8,O,P80001571,C90018854,"TRUMP, DONALD J.",VAPOR TECHNOLOGY ASSOCIATION
P80001571,C90018862,2020,2714.77,42,S,P80001571,C90018862,"TRUMP, DONALD J.","MISLOVE, ALAN EDWARD"
P80001571,C90018870,2020,2060.40,25,S,P80001571,C90018870,"TRUMP, DONALD J.","KOROLOVA, ALEKSANDRA"
P80001571,C90018904,2020,6903322.63,934,S,P80001571,C90018904,"TRUMP, DONALD J.",AMERICANS FOR CONSTITUTIONAL LIBERTY DBA THE CONSERVATIVE CAUCUS
P80001571,C90018912,2020,77.00,2,O,P80001571,C90018912,"TRUMP, DONALD J.",AVALANCHE MARKETING
P80001571,C90019118,2020,600.00,1,S,P80001571,C90019118,"TRUMP, DONALD J.","DEAN, TRACEY BRENT"
P80001571,C90019258,2020,186994.34,12,O,P80001571,C90019258,"TRUMP, DONALD J.",FELLOW AMERICANS
P80001571,C90019282,2020,15308.45,12,O,P80001571,C90019282,"TRUMP, DONALD J.",CACTUS COMMUNICATIONS
P80001571,C90019316,2020,12868272.15,980,O,P80001571,C90019316,"TRUMP, DONALD J.",DEFENDING DEMOCRACY TOGETHER
P80001571,C90019357,2020,104.37,3,O,P80001571,C90019357,"TRUMP, DONALD J.",FOOD AND WATER ACTION
P80001571,C90019498,2020,3835509.00,7,O,P80001571,C90019498,"TRUMP, DONALD J.","HOFFMAN, REID"
P80001571,C90019563,2020,531982.00,5,O,P80001571,C90019563,"TRUMP, DONALD J.",NATIONAL SECURITY ACTION
P80001571,C90019597,2020,684485.02,42,S,P80001571,C90019597,"TRUMP, DONALD J.",TURNING POINT ACTION
P80001571,C90019605,2020,165779.00,91,O,P80001571,C90019605,"TRUMP, DONALD J.",THE NETWORK
P80001571,C90019621,2020,1448500.00,5,O,P80001571,C90019621,"TRUMP, DONALD J.",TAKE BACK CONTROL LLC
P80001571,C90019670,2020,2500.00,1,O,P80001571,C90019670,"TRUMP, DONALD J.",COMMONWEALTH COMMUNICATIONS
P80001571,C90019696,2020,15000.00,2,O,P80001571,C90019696,"TRUMP, DONALD J.",CITIZEN ENGAGEMENT LABORATORY
P80001571,C90019704,2020,78585.97,2,O,P80001571,C90019704,"TRUMP, DONALD J.",PENNSYLVANIA FUND FOR CHANGE
P80001571,C90019837,2020,11623.02,2,O,P80001571,C90019837,"TRUMP, DONALD J.",BRADY CAMPAIGN TO PREVENT GUN VIOLENCE
P80001571,C90019845,2020,96249.68,2,S,P80001571,C90019845,"TRUMP, DONALD J.",TRUTH AND LIBERTY COALITION INC.
P80001571,C90019928,2020,9287.50,4,O,P80001571,C90019928,"TRUMP, DONALD J.","LEHMAN, ERNEST AND DEBRA"
P80001571,C90019969,2020,47176.35,1,O,P80001571,C90019969,"TRUMP, DONALD J.",GARDEN STATE FORWARD
P80001571,C90019977,2020,19398.00,2,O,P80001571,C90019977,"TRUMP, DONALD J.",MINNESOTA AFL-CIO
P80001571,C90020017,2020,2992.50,1,S,P80001571,C90020017,"TRUMP, DONALD J.","HUNTER, JAMES WORLDWIDE MR. III"
P80001571,C90020033,2020,2723.14,4,O,P80001571,C90020033,"TRUMP, DONALD J.",FAITHFUL AMERICA
P80001571,C90020066,2020,101701.46,2,O,P80001571,C90020066,"TRUMP, DONALD J.",ACTION FOR A PROGRESSIVE FUTURE
P80001571,C90020082,2020,39115.26,19,O,P80001571,C90020082,"TRUMP, DONALD J.",FAITH 2020
P80001571,C90020108,2020,2354.99,8,S,P80001571,C90020108,"TRUMP, DONALD J.",STUDENTS FOR LIFE ACTION
P80001571,C90020199,2020,83227.18,63,O,P80001571,C90020199,"TRUMP, DONALD J.",WORKMONEY
P80001571,C90020421,2020,11000.00,1,O,P80001571,C90020421,"TRUMP, DONALD J.",MARCH ON
P80001571,C90020454,2020,19515.40,11,O,P80001571,C90020454,"TRUMP, DONALD J.",FREEDOM ACTION NOW INC.
P80001571,C90020454,2020,333.00,1,,P80001571,C90020454,"TRUMP, DONALD J.",FREEDOM ACTION NOW INC.
P80001571,C90020678,2020,1063.25,1,O,P80001571,C90020678,"TRUMP, DONALD J.",WASHINGTON CARES
P80001571,C90021023,2020,413.26,14,O,P80001571,C90021023,"TRUMP, DONALD J.",350 SEATTLE ACTION
P80006117,C00738831,2020,2710263.00,23,S,P80006117,C00738831,"KLOBUCHAR, AMY J.",KITCHEN TABLE CONVERSATIONS PAC
P80006117,C90018045,2020,101.39,4,O,P80006117,C90018045,"KLOBUCHAR, AMY J.",UNITED WE DREAM ACTION
P80006117,C90018862,2020,940.90,3,S,P80006117,C90018862,"KLOBUCHAR, AMY J.","MISLOVE, ALAN EDWARD"
